FOURTEEN	THIRTEEN	TWELVE	ELEVEN	TEN	NINE	EIGHT	SEVEN	id
75	75	75	75	75	75	75	0	1
75	0	0	0	75	75	75	75	2
75	0	75	0	0	0	0	75	3
0	0	0	0	0	0	0	0	4
0	0	0	75	0	0	0	0	5
0	0	0	0	0	75	0	75	6
0	0	0	0	0	0	0	0	7
75	0	0	0	0	0	0	0	8
0	0	0	0	0	0	0	0	9
0	0	0	75	0	0	0	0	10
0	0	0	0	0	0	0	0	11
0	0	0	0	0	0	0	0	12
0	0	0	0	0	0	0	75	13
0	0	0	0	0	0	0	0	14
0	0	0	0	0	0	0	0	15
0	0	0	0	0	0	0	75	16
0	0	0	0	0	0	0	0	17
0	75	0	0	75	0	0	0	18
0	75	0	0	0	0	0	75	19
0	75	0	0	0	0	0	0	20
0	0	0	0	0	0	0	0	21
0	0	0	0	75	0	0	0	22
0	0	0	75	0	0	0	0	23
0	0	0	0	0	0	75	0	24
0	0	0	0	0	0	0	0	25
0	0	0	0	0	0	0	0	26
0	0	0	0	0	0	0	0	27
0	0	0	0	0	0	0	0	28
0	0	0	0	0	0	0	0	29
0	0	0	0	0	0	0	0	30
0	0	0	0	0	0	75	75	31
0	0	0	0	0	0	75	0	32
0	0	0	0	0	0	0	0	33
0	0	0	0	0	0	0	0	34
0	0	0	0	0	0	0	0	35
75	75	75	75	75	0	0	75	36
75	75	75	75	0	75	75	204	37
75	75	75	75	0	0	75	75	38
75	75	75	75	0	0	75	75	39
75	75	75	75	0	0	75	75	40
75	75	75	75	0	0	75	75	41
75	75	75	75	204	0	75	204	42
75	75	75	75	0	0	75	204	43
75	75	75	75	0	0	75	0	44
75	75	75	75	75	75	75	75	45
75	75	75	75	75	75	75	75	46
75	75	75	75	75	75	75	75	47
75	75	75	75	75	75	75	75	48
75	0	75	75	0	0	0	75	49
75	75	75	75	75	75	75	0	50
75	75	75	75	75	75	75	0	51
75	75	75	75	75	75	75	75	52
75	75	75	75	75	75	75	75	53
75	75	75	75	75	75	75	75	54
75	75	75	75	75	75	75	0	55
75	75	75	75	0	0	0	75	56
75	75	75	75	0	0	0	75	57
75	75	75	75	0	0	75	75	58
75	75	75	75	0	0	0	75	59
75	0	75	75	0	0	0	75	60
75	0	0	75	0	0	75	75	61
75	75	75	75	0	0	0	75	62
75	75	75	75	0	0	75	0	63
75	75	75	75	0	75	75	75	64
75	75	75	75	0	0	75	75	65
75	75	75	75	204	0	75	75	66
75	75	75	75	0	75	75	75	67
75	75	75	75	0	75	75	75	68
75	75	75	75	0	0	75	75	69
75	75	75	75	0	0	75	75	70
75	75	75	75	0	0	75	75	71
75	75	75	75	0	0	75	75	72
75	75	75	75	75	75	75	75	73
75	75	75	75	75	75	75	75	74
75	75	75	75	75	75	75	75	75
75	75	75	75	75	75	75	75	76
75	75	75	75	75	75	75	75	77
75	75	75	75	75	75	75	75	78
75	75	75	75	75	75	75	75	79
75	75	75	75	75	75	75	75	80
75	75	75	75	75	75	75	75	81
75	75	75	75	0	0	0	75	82
75	75	75	75	0	0	0	75	83
75	75	75	75	0	75	75	75	84
75	75	75	75	0	75	0	75	85
75	75	75	75	0	0	75	75	86
75	75	75	75	0	0	75	75	87
75	75	75	75	0	0	75	75	88
75	75	75	75	0	75	75	75	89
75	75	75	75	75	0	75	75	90
75	75	75	75	0	75	75	75	91
75	75	75	75	0	0	0	75	92
75	75	75	75	0	75	0	75	93
75	75	75	75	0	75	0	75	94
75	75	75	75	0	0	0	0	95
204	204	204	204	0	0	0	0	96
204	204	204	204	0	0	0	0	97
204	204	204	204	0	75	0	0	98
204	204	204	204	0	0	0	75	99
204	204	204	204	0	0	0	75	100
204	204	204	204	0	0	0	75	101
0	0	0	0	0	0	0	0	102
0	0	0	0	0	0	0	0	103
75	75	0	204	0	0	0	0	104
75	75	0	204	0	0	0	0	105
0	0	0	0	0	0	0	0	106
0	0	0	0	0	0	0	0	107
204	204	204	75	75	0	0	75	108
0	75	75	0	75	0	0	75	109
75	0	0	0	0	0	0	0	110
0	0	0	0	0	0	204	0	111
0	0	0	0	75	0	204	0	112
0	0	0	0	0	0	204	0	113
0	0	0	0	0	0	0	0	114
0	0	0	0	0	0	204	0	115
0	0	0	0	75	0	204	0	116
0	0	0	0	75	0	75	0	117
0	0	0	0	75	0	75	75	118
0	0	0	0	0	0	0	0	119
0	0	0	0	0	0	0	0	120
0	0	0	0	0	0	0	204	121
0	0	0	0	0	0	0	204	122
0	0	0	0	204	0	0	204	123
75	75	75	75	0	75	0	75	124
75	75	75	75	75	0	75	75	125
75	75	75	75	0	0	0	75	126
75	75	75	75	75	0	75	75	127
75	75	75	75	75	0	0	204	128
75	204	204	204	75	75	75	204	129
75	204	204	204	0	0	0	0	130
75	75	75	75	0	0	0	75	131
75	204	75	204	75	0	0	204	132
75	75	75	75	75	0	0	75	133
204	204	75	204	75	75	0	204	134
75	75	75	75	75	0	75	75	135
75	204	204	75	75	75	75	75	136
0	0	0	0	0	0	0	0	137
0	0	0	75	0	0	0	75	138
0	0	0	75	0	0	0	75	139
0	0	0	0	0	0	0	0	140
0	0	0	0	0	0	0	0	141
0	0	0	0	0	0	0	0	142
0	0	0	0	0	0	75	0	143
0	0	0	0	0	0	0	0	144
0	0	0	0	0	0	0	0	145
0	0	0	0	0	0	0	0	146
0	0	0	0	0	0	0	0	147
0	0	0	75	0	0	75	0	148
0	0	0	75	0	0	0	0	149
0	0	0	0	0	0	0	0	150
0	75	0	0	0	0	0	0	151
0	0	0	0	75	0	0	0	152
0	0	0	0	0	0	0	0	153
0	0	0	0	0	0	0	0	154
0	0	0	0	0	0	0	0	155
0	0	0	0	0	0	0	0	156
0	0	0	0	0	0	0	0	157
0	0	0	0	0	0	0	0	158
0	0	75	0	0	0	0	0	159
0	0	75	0	0	0	0	0	160
0	0	0	0	0	0	0	204	161
75	75	75	75	75	0	0	0	162
0	0	0	0	0	0	0	0	163
0	0	0	0	0	0	0	0	164
75	75	75	75	75	75	75	75	165
75	75	75	75	75	75	75	75	166
0	0	0	0	0	0	0	0	167
0	0	0	0	0	75	75	0	168
75	75	75	75	0	75	75	75	169
75	75	75	75	75	75	75	75	170
0	0	0	0	0	0	0	0	171
75	75	75	75	0	0	75	75	172
75	75	75	75	0	0	0	75	173
75	75	75	75	0	0	0	0	174
75	75	75	75	0	0	0	75	175
0	0	0	0	0	0	0	0	176
0	0	0	0	75	75	0	0	177
75	75	75	75	0	0	0	75	178
75	75	75	75	0	0	0	0	179
75	75	75	75	75	0	75	0	180
0	0	0	0	0	0	0	0	181
0	0	0	0	0	75	0	0	182
0	0	0	0	0	0	0	0	183
0	0	0	0	0	0	0	0	184
75	0	0	0	0	0	0	0	185
0	0	0	0	0	0	0	75	186
0	0	0	0	0	0	0	0	187
0	0	0	0	0	0	0	0	188
0	0	0	0	0	0	0	0	189
0	0	0	0	0	0	0	0	190
0	0	0	0	0	0	0	75	191
0	0	0	75	0	0	0	0	192
75	75	75	75	75	0	0	75	193
75	75	75	75	75	75	0	0	194
75	75	75	75	75	75	75	75	195
75	75	75	75	75	75	75	75	196
75	75	75	75	75	75	75	75	197
75	75	75	75	75	75	75	75	198
75	75	75	75	75	75	0	0	199
75	75	75	75	0	75	0	75	200
0	204	75	75	0	0	0	0	201
75	75	75	75	0	0	0	75	202
0	75	0	75	0	0	0	75	203
75	75	75	75	75	0	75	0	204
75	75	75	75	75	204	75	75	205
75	75	75	75	75	75	75	75	206
0	0	0	0	0	0	0	0	207
0	0	0	0	0	0	0	0	208
0	0	0	0	0	0	75	0	209
75	0	0	0	75	0	0	0	210
75	0	75	75	0	0	75	75	211
75	0	75	0	0	0	0	75	212
0	0	0	0	0	0	0	0	213
0	0	0	0	0	0	0	0	214
0	0	0	0	0	0	0	0	215
0	0	0	0	0	0	0	0	216
0	0	0	0	0	0	0	0	217
75	75	75	0	0	75	0	75	218
75	75	75	75	75	75	75	75	219
0	0	0	0	0	0	0	0	220
0	0	0	0	0	0	0	0	221
0	0	0	0	0	0	0	0	222
0	0	0	0	0	0	0	0	223
0	0	0	0	0	0	0	0	224
0	0	0	0	75	75	75	0	225
0	0	0	0	75	75	0	75	226
0	0	0	0	0	0	0	0	227
0	0	0	0	0	0	0	0	228
0	0	0	0	0	0	0	0	229
0	0	0	0	0	0	0	0	230
0	0	0	0	0	0	0	0	231
0	0	0	0	0	0	0	0	232
0	0	0	0	0	75	75	75	233
75	75	75	75	0	75	75	75	234
75	75	75	75	75	75	75	75	235
75	75	75	75	75	0	0	75	236
75	75	75	75	75	75	75	0	237
75	75	75	75	75	75	75	75	238
75	75	75	75	75	75	75	75	239
75	75	75	75	75	75	75	75	240
0	75	75	0	0	0	0	0	241
0	0	75	0	0	0	0	0	242
75	75	75	75	75	75	75	75	243
75	75	75	75	75	75	75	75	244
75	75	75	75	75	75	75	75	245
75	75	75	75	75	75	75	75	246
75	75	75	75	75	75	75	75	247
75	75	75	75	75	75	75	75	248
75	75	75	75	75	75	75	75	249
75	75	75	75	75	75	75	75	250
0	0	0	0	0	0	0	0	251
0	0	0	0	0	0	0	0	252
0	0	0	0	0	0	0	0	253
0	0	0	0	0	0	0	0	254
75	0	0	0	0	0	0	0	255
75	0	0	0	0	0	0	0	256
75	0	0	0	0	0	0	0	257
0	0	0	0	0	0	0	0	258
0	0	0	0	0	0	0	0	259
0	0	0	0	0	0	0	0	260
0	0	0	0	0	0	0	0	261
0	0	0	0	0	0	0	0	262
0	0	0	0	0	0	0	0	263
0	0	0	0	0	0	0	0	264
0	0	0	0	0	0	0	0	265
0	0	0	0	0	0	0	0	266
0	0	0	0	0	0	0	0	267
75	75	0	0	0	0	0	0	268
75	75	75	75	75	75	75	0	269
204	204	0	204	0	0	0	0	270
204	204	204	204	0	0	0	0	271
204	0	0	0	0	0	0	0	272
0	0	0	0	0	0	0	75	273
0	0	0	0	0	0	0	75	274
0	0	0	0	0	0	0	0	275
0	0	0	0	0	0	0	0	276
204	0	0	0	0	0	0	0	277
204	204	0	0	0	0	0	0	278
204	204	204	204	0	0	0	0	279
204	204	204	204	0	0	0	0	280
75	75	75	75	75	75	75	75	281
75	75	75	75	75	75	75	75	282
0	0	0	0	0	0	0	0	283
75	75	75	75	75	75	75	75	284
204	0	0	0	0	0	75	204	285
204	204	75	204	0	0	0	75	286
75	75	75	75	75	75	75	75	287
75	75	75	75	75	75	75	75	288
75	75	75	75	75	75	75	75	289
204	204	204	204	0	0	0	0	290
204	0	204	204	0	0	0	0	291
0	0	0	0	0	75	0	204	292
204	204	204	204	0	0	0	75	293
0	0	0	0	0	0	0	204	294
204	204	204	204	75	75	0	204	295
204	204	204	0	75	0	0	0	296
204	0	0	0	0	0	0	0	297
0	0	0	0	0	0	0	0	298
0	0	0	0	0	0	0	0	299
204	0	204	204	0	0	0	0	300
204	0	204	204	0	0	0	0	301
75	75	75	75	75	75	75	75	302
75	75	75	75	75	75	75	75	303
75	0	0	0	0	0	75	75	304
75	75	75	75	75	75	75	75	305
75	75	75	75	0	75	75	75	306
75	75	75	75	75	75	75	75	307
75	75	75	0	0	0	75	75	308
75	75	75	75	75	75	75	75	309
75	75	75	75	75	75	75	75	310
75	0	0	0	0	75	75	75	311
75	75	75	75	75	0	0	0	312
75	75	75	75	75	75	0	75	313
75	75	75	75	0	75	0	0	314
0	0	0	0	0	0	0	0	315
0	0	0	0	75	0	0	0	316
0	0	0	0	75	75	0	0	317
0	0	0	0	75	75	75	75	318
0	0	0	0	75	75	75	75	319
0	0	0	0	0	0	0	75	320
0	0	0	0	0	0	0	0	321
0	0	0	0	0	0	0	0	322
0	0	0	0	75	0	0	0	323
75	75	75	75	75	75	75	75	324
75	75	75	75	75	75	75	75	325
75	75	75	75	0	75	75	75	326
0	0	0	0	0	0	0	0	327
0	0	0	0	0	0	0	0	328
75	75	75	75	75	0	75	0	329
0	0	0	0	0	0	0	0	330
0	0	0	0	0	0	0	0	331
75	0	0	0	0	0	0	0	332
0	75	75	0	0	0	75	0	333
0	0	0	0	0	0	0	0	334
75	75	75	75	0	75	75	75	335
75	75	75	75	75	75	75	75	336
75	75	75	75	75	75	75	75	337
75	75	75	75	75	75	75	75	338
75	75	75	75	75	75	75	75	339
75	75	75	75	0	0	0	0	340
0	0	0	0	0	0	0	0	341
75	75	75	75	75	75	75	75	342
0	0	0	0	0	0	0	0	343
75	75	75	75	0	75	0	75	344
75	75	75	75	75	0	0	0	345
75	75	75	75	75	0	0	0	346
75	75	75	75	75	75	75	0	347
75	75	75	75	75	75	75	0	348
0	0	0	0	0	0	0	0	349
0	0	0	0	0	0	0	0	350
0	0	0	0	0	0	0	0	351
0	0	0	0	0	0	0	0	352
0	0	0	0	0	0	0	0	353
0	0	0	0	0	0	0	0	354
0	0	0	0	0	0	0	0	355
0	0	0	0	0	0	0	0	356
0	0	0	0	0	0	0	0	357
0	0	0	0	0	0	0	0	358
0	0	0	0	0	0	0	0	359
0	0	0	0	0	0	0	0	360
0	0	0	0	0	0	0	0	361
0	0	0	0	0	0	0	0	362
0	0	0	0	0	0	0	0	363
0	0	0	0	0	0	0	0	364
0	0	0	0	0	0	0	0	365
0	0	0	0	0	0	0	0	366
0	0	0	0	0	0	0	0	367
0	0	0	0	0	0	0	0	368
75	75	75	75	75	0	75	75	369
0	0	0	0	0	0	0	0	370
0	0	0	0	0	0	0	0	371
0	0	0	0	0	0	0	0	372
75	75	75	75	75	75	75	75	373
0	0	0	0	0	0	0	0	374
0	0	0	0	0	0	0	0	375
0	0	0	0	0	0	0	0	376
0	0	0	0	0	0	0	0	377
0	0	0	0	0	0	75	0	378
0	0	0	0	0	0	0	0	379
75	75	75	75	75	75	75	75	380
0	0	0	0	0	75	0	75	381
75	75	75	75	75	75	75	0	382
0	0	0	0	0	0	0	0	383
75	0	0	0	0	75	75	75	384
0	0	0	0	0	0	0	0	385
0	0	0	0	0	0	0	0	386
0	0	0	0	0	0	0	0	387
0	0	0	0	0	0	0	75	388
0	0	0	0	0	0	0	0	389
0	0	0	0	0	0	0	0	390
0	0	0	0	0	0	0	0	391
0	0	0	0	0	0	0	0	392
0	0	0	0	0	0	0	0	393
0	0	0	0	0	0	0	0	394
0	0	0	0	0	0	0	0	395
0	0	0	0	0	0	0	0	396
0	0	0	0	0	0	0	0	397
0	0	0	0	0	0	0	75	398
0	0	0	0	0	0	0	75	399
0	0	0	0	0	0	0	75	400
0	0	0	0	0	0	0	0	401
0	0	0	0	0	75	75	75	402
0	0	0	0	0	75	75	75	403
0	0	0	0	0	75	75	75	404
75	75	0	0	0	0	0	0	405
204	204	204	204	75	75	75	204	406
0	0	0	0	0	75	75	75	407
0	0	0	0	0	75	75	75	408
204	204	204	204	75	0	0	0	409
75	75	75	75	0	0	0	0	410
75	75	75	75	0	0	75	0	411
75	75	75	75	75	0	75	75	412
75	75	75	75	0	0	0	0	413
0	0	0	0	0	0	75	75	414
75	204	204	204	0	0	0	0	415
0	0	0	0	0	0	0	75	416
0	0	0	0	0	0	0	0	417
0	0	0	0	0	0	0	0	418
75	75	75	75	75	75	0	0	419
75	75	75	75	75	75	75	75	420
204	204	204	204	75	0	75	204	421
75	75	75	75	75	75	75	75	422
75	75	75	75	0	75	75	75	423
0	0	0	0	0	0	0	0	424
0	0	0	0	0	0	0	0	425
0	0	0	0	0	0	0	0	426
0	0	0	0	0	0	0	0	427
0	0	0	0	0	0	0	0	428
0	0	0	0	0	0	0	0	429
0	0	0	0	0	0	0	0	430
0	0	0	0	0	0	0	0	431
0	0	0	0	0	0	0	0	432
75	75	75	75	75	75	75	75	433
75	75	75	75	75	75	75	75	434
75	75	75	75	75	75	75	75	435
0	0	0	0	75	75	75	75	436
0	0	0	0	75	75	75	75	437
0	0	0	0	0	0	0	0	438
75	75	0	0	0	0	0	0	439
75	75	75	75	0	75	75	75	440
75	75	75	75	75	75	75	75	441
75	75	75	75	75	75	75	75	442
0	0	0	0	0	0	0	0	443
75	0	0	0	0	75	75	0	444
0	0	0	0	0	0	0	0	445
0	0	0	0	0	0	0	0	446
0	0	0	0	0	0	0	0	447
0	0	0	0	0	0	0	0	448
0	0	0	0	0	0	0	0	449
75	0	0	0	0	0	0	0	450
75	75	0	0	0	0	0	0	451
0	0	0	0	0	0	75	0	452
0	0	0	0	0	0	0	0	453
0	0	0	0	0	0	0	0	454
0	0	0	0	75	0	0	75	455
75	75	75	75	75	75	75	75	456
75	75	0	0	0	0	0	0	457
75	75	75	75	75	0	75	75	458
75	75	75	75	75	0	0	0	459
75	75	75	75	75	75	75	75	460
75	75	0	0	0	0	0	0	461
75	75	75	0	0	0	0	0	462
75	204	0	75	0	75	75	75	463
75	75	75	75	75	75	75	75	464
75	75	75	75	75	75	75	75	465
75	75	75	75	75	75	75	75	466
75	75	75	75	75	75	75	75	467
75	75	75	75	75	75	75	0	468
75	75	75	75	75	75	75	75	469
75	75	75	75	75	75	75	75	470
204	204	75	75	75	75	75	75	471
0	0	0	0	0	0	0	0	472
75	75	75	75	75	75	75	75	473
75	75	75	75	75	75	75	75	474
75	75	75	75	75	75	75	75	475
75	75	75	75	75	75	75	75	476
75	75	75	75	75	75	75	75	477
75	75	75	75	75	75	75	75	478
75	75	75	75	0	0	75	0	479
75	75	75	75	0	0	0	0	480
75	75	75	75	0	0	0	0	481
75	75	75	75	0	0	0	0	482
75	75	75	75	0	0	0	0	483
75	75	75	75	0	75	75	75	484
75	75	75	75	0	75	0	75	485
75	75	75	75	75	75	75	75	486
75	75	75	75	75	75	75	75	487
75	75	75	75	75	75	75	75	488
75	75	75	75	0	0	75	0	489
75	75	75	75	75	75	75	75	490
75	75	75	75	75	75	75	75	491
75	204	204	204	75	0	204	75	492
75	75	75	75	75	75	75	75	493
204	204	204	204	75	0	75	75	494
75	75	75	75	75	75	75	75	495
75	75	75	75	75	75	75	75	496
75	75	75	75	75	75	75	75	497
75	75	75	75	75	75	75	75	498
75	75	0	0	0	0	0	0	499
204	75	204	204	75	75	75	0	500
0	0	0	0	0	0	0	0	501
0	0	0	0	0	0	0	0	502
75	75	75	75	75	75	75	75	503
75	75	75	75	75	75	75	75	504
0	0	0	0	0	0	75	75	505
0	0	0	0	0	0	0	0	506
204	204	204	204	75	75	75	75	507
75	0	0	0	0	0	0	0	508
0	0	0	0	0	0	0	0	509
0	0	0	0	0	75	75	0	510
0	0	0	0	0	75	0	0	511
0	0	0	0	0	0	0	0	512
0	0	0	0	0	75	75	75	513
0	0	0	0	0	0	0	0	514
0	0	0	0	0	0	0	0	515
0	0	0	0	0	0	0	0	516
0	0	0	0	0	0	0	0	517
204	0	0	0	0	0	0	0	518
0	0	0	0	0	0	0	0	519
0	0	0	0	0	0	0	0	520
0	0	0	0	0	0	0	0	521
0	0	0	0	0	0	0	0	522
0	0	0	0	0	0	0	0	523
0	0	0	0	0	0	0	0	524
0	0	0	0	0	0	0	0	525
0	0	0	0	0	0	0	0	526
0	0	0	0	0	0	0	0	527
0	0	0	0	0	0	0	0	528
0	0	0	0	0	0	0	0	529
0	0	0	0	0	0	0	0	530
0	0	0	0	0	0	0	0	531
0	0	0	0	0	0	0	0	532
0	0	0	0	0	0	0	0	533
0	0	0	0	0	0	0	0	534
0	0	0	0	0	75	75	75	535
75	75	75	75	0	0	0	0	536
75	75	75	75	75	0	0	0	537
75	75	75	75	75	0	0	0	538
75	75	75	75	75	75	0	0	539
75	75	75	75	75	75	0	0	540
0	0	0	0	0	0	0	0	541
0	0	0	0	75	0	0	0	542
0	0	0	0	75	0	0	0	543
0	0	0	0	75	0	0	0	544
0	0	0	0	75	0	0	0	545
0	0	0	0	75	0	0	0	546
0	0	0	0	75	0	0	0	547
0	0	0	0	0	0	0	0	548
0	0	0	0	0	0	0	0	549
0	0	0	0	0	0	0	0	550
0	0	0	0	0	0	0	0	551
0	0	0	0	0	0	0	0	552
0	0	0	0	0	0	0	0	553
0	0	0	0	0	75	75	75	554
75	75	75	75	75	75	75	75	555
75	0	0	0	0	0	0	0	556
75	0	0	0	0	0	0	0	557
0	0	0	0	0	0	0	0	558
0	0	0	0	0	0	0	0	559
0	0	0	0	0	0	0	0	560
0	0	0	0	0	0	0	0	561
0	0	0	0	0	0	0	0	562
0	0	0	0	0	0	0	0	563
0	0	0	0	0	0	0	0	564
0	75	75	0	75	0	204	0	565
0	0	0	0	0	75	204	0	566
0	0	0	75	0	0	204	0	567
75	0	0	0	0	0	204	0	568
75	0	0	0	0	0	204	75	569
0	0	0	0	0	0	75	75	570
75	0	0	0	0	0	0	0	571
0	0	0	0	0	0	0	0	572
0	0	0	0	0	0	0	0	573
0	0	0	0	0	0	0	0	574
0	0	0	0	0	0	0	0	575
0	0	0	0	0	0	0	75	576
75	0	0	0	0	0	0	0	577
0	0	0	0	0	0	0	0	578
0	0	204	0	75	0	0	0	579
0	0	75	0	0	0	0	75	580
75	75	75	75	0	75	0	75	581
75	75	75	75	0	75	75	75	582
0	0	75	0	0	0	0	0	583
0	0	0	0	0	0	75	0	584
0	0	0	0	0	0	0	0	585
75	75	75	75	75	0	75	75	586
75	75	75	75	75	75	75	75	587
0	0	0	0	0	0	0	75	588
0	0	0	0	0	75	75	0	589
75	75	75	75	75	75	75	0	590
0	0	0	0	0	0	0	0	591
0	0	0	0	0	0	0	0	592
75	75	0	0	0	0	0	0	593
0	0	0	0	0	0	0	0	594
0	0	0	0	0	0	0	0	595
0	0	0	0	0	0	0	0	596
0	0	0	0	0	0	0	0	597
0	0	0	0	0	0	0	0	598
0	0	0	0	0	0	0	0	599
0	0	0	0	0	0	0	0	600
0	0	0	0	0	0	0	0	601
0	0	0	0	0	0	0	0	602
0	0	0	0	0	0	0	0	603
0	0	0	0	0	0	0	0	604
0	0	0	0	0	0	0	0	605
0	0	0	0	0	0	0	0	606
0	0	0	0	0	0	0	0	607
0	0	0	0	0	0	0	0	608
0	0	0	0	0	0	0	0	609
0	0	0	0	0	0	0	0	610
0	0	0	0	0	0	0	0	611
0	0	0	0	0	0	0	0	612
0	0	0	0	0	0	0	0	613
0	0	0	0	0	0	0	0	614
0	0	0	0	0	0	0	0	615
0	0	0	0	0	0	0	0	616
0	0	0	0	0	0	0	0	617
0	0	0	0	0	0	0	0	618
0	0	0	0	0	0	0	0	619
0	0	0	0	0	0	0	0	620
0	0	0	0	0	0	0	0	621
0	0	0	0	0	0	0	0	622
0	0	0	0	0	0	0	0	623
0	0	0	0	0	0	0	0	624
0	0	0	0	0	0	0	0	625
0	0	0	0	0	0	0	0	626
0	0	0	0	0	0	0	0	627
0	0	0	0	0	0	0	0	628
0	0	0	0	0	0	0	0	629
0	0	0	0	0	0	0	0	630
0	0	0	0	0	0	0	0	631
0	0	0	0	0	0	0	0	632
0	0	0	0	0	0	0	0	633
0	0	0	0	0	0	0	0	634
0	0	0	0	0	0	0	0	635
0	0	0	0	0	0	0	0	636
0	0	0	0	0	0	0	0	637
0	0	0	0	0	0	0	0	638
0	0	0	0	0	0	0	0	639
0	0	0	0	0	0	0	0	640
0	0	0	0	0	0	0	0	641
0	0	0	0	0	0	75	75	642
0	0	0	0	0	0	0	0	643
0	0	0	0	0	0	204	0	644
0	0	0	0	0	0	204	75	645
0	0	0	75	0	75	204	75	646
0	0	0	0	0	0	204	75	647
0	0	0	0	0	75	0	75	648
0	0	0	0	0	0	0	75	649
0	0	0	0	0	0	0	0	650
75	75	204	0	0	0	204	0	651
0	0	0	0	0	0	0	0	652
75	0	0	0	0	0	0	0	653
0	0	0	0	0	0	0	0	654
0	0	0	0	0	0	0	0	655
0	0	0	0	0	0	0	0	656
0	0	0	0	0	0	0	0	657
0	0	0	0	0	0	0	0	658
0	0	0	0	0	0	0	0	659
0	0	0	0	0	0	0	0	660
0	0	0	0	0	0	0	0	661
0	0	0	0	0	0	0	0	662
0	204	0	0	0	204	0	0	663
0	0	0	0	0	0	0	0	664
0	0	0	0	0	0	0	0	665
204	0	0	0	0	0	0	0	666
204	204	204	204	75	0	0	0	667
204	204	204	204	0	0	0	0	668
0	0	0	0	0	0	0	0	669
0	0	0	0	0	0	0	0	670
0	0	0	0	0	0	0	0	671
0	0	0	0	0	0	0	0	672
0	0	0	0	0	0	0	0	673
0	0	0	0	0	0	0	0	674
0	0	0	0	0	0	0	0	675
0	0	0	0	0	0	0	75	676
0	0	0	0	0	0	0	0	677
0	0	0	0	0	0	0	0	678
0	0	0	0	0	0	0	0	679
0	0	0	0	0	0	0	0	680
0	0	0	0	0	0	0	75	681
0	0	0	0	0	0	0	0	682
0	0	0	0	0	0	0	0	683
75	75	0	0	0	75	0	0	684
75	75	75	75	75	75	0	0	685
0	0	0	0	0	0	0	0	686
0	0	0	0	0	0	0	0	687
0	75	75	0	0	0	0	0	688
0	75	0	0	0	0	0	0	689
0	0	0	0	0	0	0	0	690
204	0	0	75	0	0	0	0	691
0	0	0	0	0	0	0	0	692
0	75	0	75	0	0	0	0	693
0	0	0	0	0	0	0	0	694
0	75	0	75	0	0	0	0	695
0	0	0	0	0	0	0	0	696
0	0	0	0	0	0	0	0	697
0	75	75	75	0	0	0	0	698
0	0	0	75	0	0	0	0	699
0	0	75	0	0	0	0	0	700
0	0	0	204	0	0	75	0	701
0	0	0	0	0	0	0	204	702
0	0	0	0	0	0	0	0	703
75	0	0	0	75	0	0	0	704
204	0	0	0	0	0	0	0	705
0	75	0	75	0	0	0	75	706
0	75	0	75	0	0	0	75	707
204	0	0	0	0	0	0	0	708
0	0	75	75	0	0	0	0	709
0	0	0	75	0	0	0	0	710
0	0	0	0	0	0	0	0	711
0	0	0	75	0	0	75	204	712
0	0	0	75	0	0	75	204	713
204	0	0	0	0	0	0	0	714
0	0	0	0	0	0	0	0	715
0	0	0	0	0	0	0	0	716
204	0	0	0	0	0	0	0	717
75	75	75	75	0	75	0	0	718
0	0	0	0	0	0	0	0	719
0	0	0	0	0	0	0	0	720
75	75	75	75	75	75	75	75	721
0	0	0	0	0	0	0	0	722
75	75	75	75	0	75	75	0	723
0	0	0	0	0	0	0	0	724
0	0	0	0	0	75	75	75	725
0	0	0	0	0	0	0	0	726
204	204	204	204	0	0	75	75	727
0	75	0	75	0	75	0	0	728
75	75	75	75	75	75	0	0	729
75	75	75	75	75	0	0	75	730
75	75	75	75	0	0	0	0	731
0	0	0	0	75	0	75	0	732
0	0	0	0	75	75	0	0	733
0	0	75	75	0	0	0	75	734
75	0	75	75	0	0	0	75	735
0	0	0	0	75	0	75	75	736
0	0	0	0	75	0	0	0	737
0	0	0	0	75	0	0	0	738
0	0	0	0	0	0	0	0	739
0	0	0	0	0	0	0	0	740
0	0	0	0	75	0	0	0	741
0	0	0	0	75	75	0	0	742
0	0	0	0	75	75	0	0	743
75	75	75	75	75	0	0	75	744
75	75	75	75	75	0	0	0	745
0	0	0	0	0	0	75	75	746
0	0	0	0	0	0	0	75	747
0	0	0	0	0	0	0	0	748
0	0	0	0	0	0	0	0	749
0	0	0	0	0	0	0	75	750
0	0	0	0	0	0	0	75	751
75	75	75	75	0	0	0	0	752
75	75	75	75	75	0	0	0	753
0	0	0	0	0	0	0	0	754
75	75	75	75	75	0	0	0	755
0	0	0	0	0	0	0	0	756
0	0	0	0	0	0	0	75	757
0	0	0	0	0	75	0	75	758
0	0	0	0	0	75	0	0	759
0	0	0	0	0	0	0	0	760
0	0	0	0	0	0	0	0	761
0	0	0	0	0	0	0	0	762
0	0	0	0	0	0	0	0	763
0	0	0	0	0	75	0	75	764
0	0	0	0	0	75	0	75	765
0	0	0	0	0	0	0	0	766
0	0	0	0	0	0	0	0	767
0	0	0	0	0	0	0	0	768
75	75	75	75	0	0	75	0	769
0	0	0	75	0	0	0	0	770
0	0	0	0	0	0	0	0	771
0	0	0	0	0	75	0	75	772
0	0	0	0	0	0	0	0	773
0	0	0	0	0	0	0	0	774
75	75	75	75	0	0	75	75	775
75	75	75	75	75	75	75	75	776
75	75	75	75	0	75	75	75	777
75	75	75	75	75	75	75	75	778
75	75	75	75	75	75	75	75	779
75	75	75	75	75	75	75	75	780
75	75	75	75	75	75	75	75	781
75	75	75	75	75	75	75	75	782
75	75	75	75	75	75	75	75	783
75	75	75	75	75	75	75	75	784
0	75	75	0	0	0	0	0	785
204	75	75	0	75	75	75	75	786
75	75	75	75	75	75	75	75	787
75	75	75	75	75	75	75	75	788
0	0	0	0	75	0	0	0	789
75	75	75	75	0	75	75	75	790
75	75	75	204	0	0	0	0	791
75	75	75	75	75	75	75	75	792
75	75	0	0	0	75	75	75	793
0	0	0	0	0	0	0	0	794
75	75	75	75	75	75	75	75	795
204	204	204	204	0	0	0	75	796
0	0	0	0	0	0	0	0	797
0	0	0	0	0	0	0	0	798
0	0	0	0	0	0	0	0	799
0	0	0	0	0	0	0	0	800
0	0	0	0	0	0	0	0	801
0	0	0	0	0	75	75	75	802
0	0	0	0	0	0	0	0	803
0	0	0	0	0	0	75	0	804
0	0	0	0	0	0	0	0	805
0	0	0	0	0	0	0	0	806
75	75	75	75	75	75	75	75	807
75	75	75	75	75	0	0	0	808
204	204	204	204	0	0	75	0	809
204	204	204	204	0	0	0	0	810
0	0	0	0	0	0	0	0	811
0	0	0	0	0	0	0	0	812
0	0	0	0	0	0	0	0	813
0	0	0	0	0	0	0	0	814
0	0	0	0	0	0	0	0	815
0	0	0	0	0	0	0	0	816
0	0	0	0	0	0	0	0	817
0	0	0	0	0	0	0	0	818
0	0	0	0	0	0	0	0	819
75	0	0	0	0	75	0	0	820
0	0	0	0	0	0	0	0	821
204	204	0	0	0	0	0	0	822
0	0	0	0	0	0	0	0	823
75	75	75	75	75	75	75	75	824
0	0	0	0	0	0	0	0	825
204	204	0	0	0	0	0	0	826
0	0	0	0	0	0	0	0	827
0	0	0	0	0	0	0	0	828
204	204	204	204	0	0	0	0	829
75	75	75	75	75	75	0	0	830
75	75	75	75	75	75	75	0	831
75	75	75	75	75	75	75	75	832
75	75	75	204	0	75	0	0	833
75	75	75	75	75	75	75	75	834
75	75	75	75	0	75	75	0	835
0	0	0	0	0	0	0	0	836
0	0	0	0	0	0	0	0	837
0	0	0	0	0	0	0	0	838
0	0	0	0	0	0	0	0	839
0	0	0	0	0	0	0	0	840
0	0	0	0	0	0	0	0	841
75	75	75	75	75	0	75	75	842
75	75	75	75	75	75	75	75	843
75	75	75	75	75	75	75	75	844
75	75	75	75	75	75	75	75	845
0	0	0	0	0	0	0	0	846
0	0	0	0	0	0	0	0	847
0	0	0	0	0	0	0	0	848
0	0	0	0	0	0	0	0	849
0	0	0	0	0	0	0	0	850
0	0	0	0	0	0	0	0	851
0	0	0	0	0	0	0	0	852
0	0	0	0	0	0	0	0	853
75	0	0	0	0	0	0	0	854
0	0	0	0	0	0	0	0	855
0	0	0	0	0	0	0	0	856
0	0	0	0	0	0	0	0	857
0	0	0	0	0	0	0	0	858
75	75	75	75	75	75	75	75	859
75	75	75	75	75	75	75	75	860
75	75	75	75	75	75	75	75	861
0	0	0	0	0	0	0	0	862
0	0	0	0	0	0	0	0	863
0	0	0	0	0	0	0	0	864
0	0	0	0	0	0	0	0	865
0	0	0	0	0	0	0	0	866
0	0	0	0	0	0	0	0	867
0	0	0	0	0	0	0	0	868
0	0	0	0	0	0	0	0	869
0	0	0	0	0	0	0	0	870
0	0	0	0	0	0	0	0	871
0	0	0	0	0	0	0	0	872
0	0	0	0	0	0	0	0	873
0	0	0	0	0	0	0	0	874
0	0	0	0	0	0	0	0	875
0	0	0	0	0	0	0	0	876
0	0	0	0	0	0	0	0	877
0	0	0	0	0	0	0	0	878
0	0	0	0	0	0	0	0	879
204	204	204	204	0	0	0	0	880
204	204	204	204	0	0	0	75	881
204	204	204	204	0	0	0	75	882
204	204	204	204	75	0	0	75	883
204	204	204	204	0	0	0	75	884
204	204	204	75	0	0	0	0	885
0	0	0	0	0	0	0	0	886
204	204	204	75	0	0	75	75	887
0	0	0	0	0	0	0	0	888
0	0	0	0	0	0	0	0	889
0	0	0	0	0	0	0	0	890
0	0	0	0	0	0	0	75	891
0	0	0	0	0	0	0	0	892
0	0	0	0	0	0	0	0	893
0	0	0	0	0	0	0	0	894
0	0	0	0	0	0	0	0	895
0	0	0	0	0	0	0	0	896
0	0	0	0	0	0	0	0	897
0	0	0	0	0	0	0	0	898
0	0	0	0	0	0	0	0	899
0	0	0	0	0	0	0	0	900
204	204	204	204	75	0	75	75	901
0	0	0	0	0	0	0	0	902
0	0	0	0	0	0	0	0	903
204	204	204	204	75	0	0	75	904
204	204	204	204	75	0	75	75	905
0	0	0	0	0	0	0	0	906
0	0	0	0	0	0	0	0	907
0	0	0	0	0	0	0	0	908
0	0	0	0	0	0	0	0	909
0	0	0	0	0	0	0	0	910
204	204	204	204	75	75	75	75	911
204	204	204	204	75	75	75	75	912
204	204	204	204	75	75	0	75	913
204	204	204	204	75	0	75	75	914
204	204	204	204	75	0	75	0	915
0	0	0	0	0	0	0	0	916
0	0	0	0	0	0	0	0	917
0	0	0	0	0	0	0	0	918
0	0	0	0	0	0	0	0	919
0	0	0	0	0	0	0	0	920
0	0	0	0	0	0	0	0	921
0	0	0	0	0	0	0	0	922
0	0	0	0	0	0	0	0	923
0	0	0	0	0	0	0	0	924
0	0	0	0	0	0	0	0	925
0	0	0	0	0	0	0	0	926
0	0	0	0	0	0	0	0	927
0	0	0	0	0	0	0	0	928
0	0	0	0	0	0	0	0	929
0	0	0	0	0	0	0	0	930
0	0	0	0	0	0	0	0	931
0	0	0	0	0	0	0	0	932
0	0	0	0	0	0	0	0	933
0	0	0	0	0	0	0	0	934
0	0	0	0	0	0	0	0	935
0	0	0	0	0	0	0	0	936
0	0	0	0	0	0	0	0	937
0	0	0	0	0	0	0	0	938
0	0	0	0	0	0	0	0	939
0	0	0	0	0	0	0	0	940
0	0	0	0	0	0	0	0	941
0	0	0	0	0	0	0	0	942
0	0	0	0	0	0	0	0	943
0	0	0	0	0	0	0	0	944
0	0	0	0	0	0	0	0	945
0	0	0	0	0	0	0	0	946
0	0	0	0	0	0	0	0	947
0	0	0	0	0	0	0	0	948
0	0	0	0	0	0	0	0	949
0	0	0	0	0	0	0	0	950
0	0	0	0	0	0	0	0	951
0	0	0	0	0	0	0	0	952
0	0	0	0	0	0	0	0	953
0	0	0	0	0	0	0	0	954
0	0	0	0	0	0	0	0	955
0	0	0	0	0	0	0	0	956
0	0	0	0	0	0	0	0	957
0	0	0	0	0	0	0	0	958
75	0	75	75	75	75	75	75	959
75	75	75	75	75	75	75	75	960
75	75	75	75	75	0	75	75	961
75	75	75	75	75	75	75	75	962
0	0	0	0	0	0	0	0	963
0	0	0	0	0	0	0	0	964
0	0	0	0	75	75	75	75	965
0	0	0	0	0	0	0	0	966
0	0	0	0	0	75	204	0	967
75	75	75	75	75	0	0	0	968
0	0	0	0	0	0	0	0	969
0	0	0	0	0	0	0	0	970
0	0	0	0	0	0	0	0	971
0	0	0	75	0	0	0	0	972
0	0	0	0	0	0	0	0	973
75	75	75	75	0	75	0	75	974
75	75	75	75	0	75	75	75	975
75	75	75	75	75	75	75	75	976
75	75	75	75	75	75	75	0	977
75	75	75	75	75	75	75	75	978
75	75	75	75	75	75	75	75	979
75	75	75	75	75	75	75	75	980
75	75	75	75	75	75	75	75	981
75	75	75	75	75	75	75	75	982
75	75	75	75	75	75	75	75	983
75	75	75	75	0	75	75	75	984
75	75	75	75	0	0	0	75	985
75	75	75	75	0	75	75	0	986
75	75	75	75	0	0	75	0	987
75	75	0	0	0	0	0	75	988
0	0	0	0	0	0	0	0	989
0	0	0	0	0	0	0	0	990
0	0	0	0	0	0	0	0	991
0	0	0	0	0	0	0	0	992
0	0	0	0	0	0	0	0	993
0	0	0	0	0	0	0	0	994
0	0	0	0	0	0	0	0	995
0	0	0	0	0	0	0	0	996
0	0	0	0	0	0	0	0	997
0	0	0	0	0	0	0	0	998
0	0	0	0	0	0	0	0	999
0	0	0	0	0	0	0	0	1000
75	75	75	75	75	75	75	75	1001
75	75	75	75	75	75	0	75	1002
0	0	0	0	0	0	0	0	1003
0	0	0	0	75	0	0	0	1004
0	0	0	0	0	0	0	0	1005
75	75	75	75	75	75	75	0	1006
75	75	75	75	75	75	0	0	1007
0	0	0	0	0	0	0	0	1008
0	0	0	0	0	0	0	0	1009
0	0	0	0	0	0	0	0	1010
0	0	0	0	0	0	0	0	1011
0	0	0	0	0	0	0	0	1012
0	0	0	0	0	0	0	0	1013
0	0	0	0	0	0	0	0	1014
0	0	0	0	0	0	0	0	1015
0	0	0	0	0	0	0	0	1016
0	0	0	0	0	0	0	0	1017
0	0	0	0	0	0	0	0	1018
0	0	0	0	0	0	75	0	1019
75	75	75	75	0	75	75	75	1020
75	75	75	75	75	75	75	75	1021
0	0	0	0	0	0	0	0	1022
0	0	0	0	0	0	0	0	1023
0	0	0	0	0	0	0	0	1024
0	0	0	0	0	0	0	0	1025
0	0	0	0	0	0	0	0	1026
0	0	0	0	0	0	0	0	1027
204	204	204	204	0	0	0	0	1028
0	0	0	0	0	0	0	0	1029
0	0	0	0	0	0	0	0	1030
0	0	0	0	0	0	0	0	1031
0	0	0	0	0	0	0	0	1032
0	0	0	0	0	0	75	0	1033
0	0	0	0	0	0	0	0	1034
0	0	0	0	0	0	0	0	1035
75	75	75	75	75	0	75	0	1036
0	0	0	0	0	0	75	0	1037
0	0	0	0	0	0	0	0	1038
0	0	0	0	0	0	0	0	1039
0	0	0	0	0	0	0	0	1040
0	0	0	0	0	0	0	0	1041
75	0	0	0	0	0	0	0	1042
75	0	0	0	0	0	0	0	1043
0	0	0	0	0	0	0	0	1044
0	0	0	0	0	0	0	0	1045
0	0	0	0	0	0	0	0	1046
0	0	0	0	0	0	0	0	1047
0	0	0	0	0	0	0	0	1048
75	75	75	75	75	204	75	75	1049
75	75	75	75	0	0	75	0	1050
0	0	0	0	0	0	0	0	1051
75	75	75	75	0	0	75	0	1052
75	75	75	75	75	0	75	0	1053
0	0	0	0	0	0	0	0	1054
0	0	0	0	0	0	0	0	1055
0	0	0	0	0	0	0	0	1056
0	0	0	0	0	0	0	0	1057
0	0	0	0	0	0	0	0	1058
0	0	0	0	0	0	0	0	1059
0	0	0	0	0	0	0	0	1060
0	0	0	0	0	0	0	0	1061
0	0	0	0	0	0	0	0	1062
75	75	75	0	0	0	0	0	1063
75	75	0	0	0	0	0	0	1064
0	0	0	0	0	0	0	0	1065
0	0	0	0	0	0	0	0	1066
0	0	0	0	0	0	0	0	1067
0	0	0	0	0	0	0	0	1068
0	0	0	0	0	0	0	0	1069
0	0	0	0	0	0	0	0	1070
0	0	0	0	0	0	0	0	1071
0	0	0	0	0	0	0	0	1072
75	75	75	75	75	75	75	75	1073
75	75	75	75	75	75	75	75	1074
75	75	75	75	75	75	75	75	1075
75	75	75	75	75	75	75	75	1076
75	75	75	75	75	75	75	75	1077
75	75	75	75	75	75	75	75	1078
75	75	75	75	75	204	0	0	1079
75	75	75	75	75	0	0	0	1080
75	75	75	75	75	0	0	0	1081
75	75	75	75	0	0	0	0	1082
75	75	75	75	75	0	0	0	1083
75	75	75	75	75	0	0	0	1084
75	75	75	75	75	0	0	0	1085
75	75	75	75	75	0	0	0	1086
75	75	75	75	75	75	75	75	1087
75	75	75	75	75	75	75	75	1088
75	75	75	75	75	75	75	75	1089
75	75	75	75	75	75	75	75	1090
75	75	75	75	75	75	75	75	1091
75	75	75	75	75	75	75	75	1092
75	75	75	75	75	75	75	75	1093
75	75	75	75	75	75	75	75	1094
75	75	75	75	75	75	75	75	1095
75	75	75	75	75	75	75	75	1096
75	75	75	75	75	75	75	75	1097
75	75	75	75	75	75	75	75	1098
75	75	75	75	75	75	75	75	1099
204	204	0	0	0	0	0	0	1100
204	204	0	0	0	0	0	0	1101
0	0	0	0	0	0	0	0	1102
0	0	0	0	0	0	0	0	1103
0	0	0	0	0	0	0	0	1104
0	0	0	0	0	0	0	0	1105
75	75	75	75	75	0	0	0	1106
75	75	75	75	75	0	0	0	1107
75	75	75	75	0	75	0	0	1108
75	75	75	75	75	0	0	0	1109
75	75	75	75	75	0	0	0	1110
75	75	75	75	75	0	0	75	1111
75	75	75	75	75	75	75	75	1112
75	75	75	75	75	75	75	75	1113
75	75	75	75	75	75	75	75	1114
75	75	75	75	75	75	75	75	1115
75	75	75	75	75	75	75	75	1116
75	75	75	75	75	75	75	75	1117
75	75	75	75	75	75	75	75	1118
75	75	75	75	75	75	75	75	1119
75	75	75	75	75	0	0	0	1120
75	75	75	75	0	0	0	0	1121
75	75	75	75	0	0	0	0	1122
75	75	75	75	0	0	0	0	1123
75	75	75	75	75	0	0	0	1124
75	75	75	75	0	0	0	0	1125
75	75	75	75	75	0	0	0	1126
75	75	75	75	75	0	0	0	1127
75	75	75	75	75	0	0	0	1128
75	75	75	75	75	0	0	0	1129
75	75	75	75	75	0	0	0	1130
75	75	75	75	75	0	0	0	1131
75	75	75	75	0	0	0	75	1132
75	75	75	75	0	0	0	0	1133
75	75	75	75	0	0	0	0	1134
75	75	75	75	0	0	0	0	1135
75	75	75	75	0	0	0	0	1136
75	75	75	75	0	0	0	0	1137
75	75	75	75	0	0	0	0	1138
75	75	75	75	0	0	0	75	1139
75	75	75	75	0	0	0	0	1140
75	75	75	75	0	0	0	0	1141
75	75	75	75	0	0	0	0	1142
75	75	75	75	0	0	0	0	1143
75	0	0	0	0	0	0	0	1144
0	204	0	0	0	0	0	0	1145
0	204	0	0	0	0	0	0	1146
75	204	0	0	0	0	0	0	1147
0	204	0	0	0	0	0	0	1148
75	0	0	0	0	0	0	0	1149
75	75	0	0	0	0	0	0	1150
0	0	0	0	0	0	0	0	1151
75	0	0	0	0	0	0	0	1152
0	0	0	0	0	0	0	0	1153
0	0	0	0	0	0	0	0	1154
75	75	75	75	75	75	75	75	1155
75	75	75	75	75	75	75	75	1156
75	75	75	75	75	75	75	75	1157
75	75	75	75	75	75	75	75	1158
75	75	75	75	75	75	75	75	1159
75	75	75	75	75	0	75	75	1160
75	75	75	75	75	75	75	75	1161
75	75	75	75	75	75	75	75	1162
75	75	75	75	75	0	75	75	1163
75	75	75	75	75	0	75	75	1164
75	75	75	75	75	75	75	75	1165
75	75	75	75	75	75	75	75	1166
75	75	75	75	75	75	75	75	1167
75	75	75	75	75	75	75	75	1168
75	75	75	75	75	75	75	75	1169
75	75	75	75	75	75	75	75	1170
75	75	75	75	75	75	75	75	1171
75	75	75	75	75	75	75	75	1172
75	75	75	75	75	75	75	75	1173
75	75	75	75	75	75	75	75	1174
75	75	75	75	75	75	75	75	1175
75	75	75	75	75	75	75	75	1176
75	75	75	75	75	75	75	75	1177
75	75	75	75	75	75	75	75	1178
0	0	0	0	0	0	0	0	1179
0	0	0	0	0	0	0	0	1180
0	0	0	0	0	0	0	0	1181
75	75	75	75	75	0	75	0	1182
75	75	75	75	75	0	0	0	1183
75	75	75	75	0	0	0	0	1184
75	75	0	0	75	0	75	0	1185
75	75	75	75	75	75	75	75	1186
75	75	75	75	75	75	75	75	1187
75	75	75	75	0	75	75	75	1188
75	75	75	75	75	75	75	75	1189
75	75	75	75	75	75	75	0	1190
75	75	75	75	75	75	75	0	1191
75	75	75	75	75	75	75	0	1192
75	75	75	75	75	75	75	75	1193
75	75	75	75	75	75	75	75	1194
75	75	75	75	75	75	75	75	1195
0	0	0	0	0	75	75	0	1196
0	0	0	0	0	0	0	0	1197
0	0	0	0	0	0	0	0	1198
0	0	0	0	0	0	0	0	1199
0	0	0	0	0	0	0	0	1200
0	0	0	0	0	0	0	0	1201
204	204	204	204	0	0	0	0	1202
204	204	204	204	0	0	75	75	1203
204	204	204	204	0	0	0	0	1204
204	204	204	204	0	0	0	0	1205
0	0	0	0	0	75	75	0	1206
0	0	0	75	0	75	75	0	1207
0	0	0	75	0	75	75	0	1208
75	75	75	75	75	0	0	0	1209
75	75	75	75	75	75	75	204	1210
75	75	75	75	75	75	75	75	1211
75	75	75	75	75	75	75	0	1212
75	75	75	75	75	75	75	75	1213
75	75	75	75	75	75	75	75	1214
75	75	75	75	75	75	75	0	1215
75	75	75	75	75	75	75	204	1216
75	75	75	75	75	75	75	75	1217
75	75	75	75	75	75	75	75	1218
75	75	75	75	75	75	75	75	1219
75	75	75	75	75	75	75	0	1220
75	75	75	75	75	75	0	0	1221
75	75	75	75	75	75	75	0	1222
75	75	75	75	0	75	0	0	1223
75	75	75	75	75	75	75	0	1224
75	0	75	75	0	75	75	75	1225
75	75	75	75	75	75	0	0	1226
75	75	75	75	75	75	0	0	1227
75	75	75	75	75	75	0	0	1228
75	75	75	75	75	75	75	75	1229
75	75	75	75	75	75	75	75	1230
75	75	75	75	75	75	75	75	1231
75	75	75	75	75	0	0	0	1232
75	75	75	75	75	0	0	0	1233
75	75	75	75	75	75	75	75	1234
75	75	75	75	75	75	75	75	1235
0	204	0	0	0	0	0	0	1236
0	204	0	0	0	0	0	0	1237
0	204	0	0	0	0	0	0	1238
0	204	0	0	0	0	0	0	1239
0	0	0	0	0	0	0	0	1240
0	0	0	0	0	0	0	0	1241
0	0	0	0	0	0	0	0	1242
0	0	0	0	0	0	0	0	1243
0	0	0	0	0	0	0	0	1244
0	0	0	0	0	0	0	0	1245
0	0	0	0	0	75	75	75	1246
0	0	0	0	75	0	0	0	1247
0	0	0	0	0	0	0	0	1248
0	0	0	0	0	0	0	0	1249
0	0	0	0	0	204	0	0	1250
75	0	0	0	0	0	0	0	1251
0	0	0	0	0	0	0	0	1252
0	0	0	0	0	0	0	0	1253
204	204	204	204	0	0	75	204	1254
204	0	0	0	0	0	0	0	1255
204	204	204	0	0	0	0	0	1256
0	0	0	0	0	0	0	0	1257
204	204	204	204	75	0	75	204	1258
204	204	204	204	0	0	0	204	1259
204	204	204	204	0	75	75	204	1260
204	204	204	0	0	0	0	0	1261
0	0	0	0	0	0	0	0	1262
0	0	0	0	0	0	0	0	1263
0	0	0	0	75	0	0	0	1264
0	0	0	0	0	0	0	0	1265
0	0	0	0	0	0	0	0	1266
0	0	0	0	0	0	0	0	1267
0	0	0	0	0	0	0	0	1268
0	0	0	0	0	0	0	0	1269
0	0	0	0	0	0	0	0	1270
0	0	0	0	0	0	0	0	1271
0	0	0	0	0	0	0	0	1272
0	0	0	0	0	0	0	0	1273
0	0	0	0	0	0	0	0	1274
0	0	0	0	0	0	0	0	1275
0	0	0	0	75	0	0	0	1276
0	0	0	0	0	0	0	0	1277
0	0	0	0	0	0	0	0	1278
0	0	0	0	0	0	0	0	1279
0	0	0	0	0	0	0	0	1280
0	0	0	0	0	0	0	0	1281
0	0	0	0	0	0	0	0	1282
0	0	0	0	0	0	0	0	1283
0	0	0	0	0	0	0	0	1284
0	0	0	0	0	0	0	0	1285
0	0	0	0	0	0	0	0	1286
0	0	0	0	0	0	0	0	1287
0	0	0	0	0	0	0	0	1288
75	75	204	204	0	0	0	0	1289
0	0	0	0	0	0	0	0	1290
75	75	75	75	0	0	75	75	1291
0	0	0	0	0	0	0	0	1292
0	0	0	0	0	0	0	0	1293
0	0	0	0	0	0	0	0	1294
0	0	0	0	0	0	0	0	1295
204	204	204	204	0	0	0	0	1296
204	204	204	204	0	0	0	0	1297
204	204	204	204	0	0	0	0	1298
0	0	0	0	0	0	0	0	1299
0	0	0	0	0	0	0	0	1300
0	0	0	0	0	0	0	75	1301
0	0	0	0	0	0	0	0	1302
75	75	75	75	75	0	75	75	1303
75	75	75	75	75	75	75	75	1304
75	75	75	75	75	75	75	75	1305
75	75	75	75	75	75	75	75	1306
0	0	0	0	0	0	0	0	1307
0	0	0	0	0	0	75	0	1308
0	0	0	0	0	0	75	0	1309
204	204	204	204	0	0	0	0	1310
204	204	204	204	0	0	0	0	1311
0	0	0	0	0	0	0	0	1312
0	0	0	0	0	0	0	0	1313
0	0	0	0	0	0	0	0	1314
0	0	0	0	0	0	0	0	1315
0	0	0	0	0	0	0	0	1316
0	0	0	0	0	0	0	0	1317
204	204	204	204	0	0	0	0	1318
75	75	75	75	0	0	75	75	1319
0	0	0	0	0	0	0	0	1320
0	0	0	0	0	0	0	0	1321
0	0	0	0	0	0	0	0	1322
0	0	0	0	0	0	0	0	1323
0	0	0	0	0	0	0	0	1324
0	0	0	0	0	0	0	0	1325
204	0	0	204	0	204	0	0	1326
0	0	0	0	0	0	0	0	1327
204	204	204	204	0	0	0	0	1328
0	0	0	0	0	0	0	0	1329
0	0	0	0	0	0	0	0	1330
0	0	0	0	0	0	0	0	1331
0	0	0	0	0	0	0	0	1332
0	0	0	0	0	0	0	0	1333
0	0	0	0	0	0	0	0	1334
0	0	0	0	0	0	0	0	1335
0	0	0	0	0	0	0	0	1336
0	0	0	0	0	0	0	0	1337
0	0	0	0	0	0	75	0	1338
0	0	0	0	0	0	0	0	1339
0	0	0	0	0	0	0	0	1340
0	0	0	0	0	0	0	0	1341
0	0	0	0	0	0	0	0	1342
0	0	0	0	0	0	0	0	1343
0	0	0	0	0	0	0	0	1344
0	0	0	0	0	0	0	0	1345
0	0	0	0	0	0	0	0	1346
0	0	0	0	0	0	0	0	1347
0	0	0	0	0	0	0	0	1348
0	0	0	0	0	0	75	0	1349
0	0	0	0	0	0	75	0	1350
0	0	0	0	0	0	75	0	1351
75	75	75	75	75	0	75	0	1352
0	0	0	0	0	75	0	0	1353
0	0	0	0	0	0	0	0	1354
0	0	0	0	0	0	0	0	1355
0	0	0	0	0	0	0	0	1356
0	0	0	0	0	0	0	0	1357
0	0	0	0	0	0	0	0	1358
0	0	0	0	0	0	0	0	1359
0	0	0	0	0	0	0	75	1360
0	0	0	0	0	0	0	0	1361
0	0	0	0	0	0	0	0	1362
0	0	0	0	0	0	0	0	1363
0	0	0	0	0	0	0	0	1364
0	0	0	0	0	0	0	0	1365
0	0	0	0	0	0	0	0	1366
0	0	0	0	0	0	0	0	1367
0	0	204	0	0	0	0	0	1368
0	0	0	0	0	0	0	0	1369
0	0	0	0	0	0	0	0	1370
0	0	0	0	0	0	0	0	1371
0	0	0	0	0	0	0	0	1372
0	0	0	0	0	0	0	0	1373
75	75	75	75	75	75	75	75	1374
75	75	75	75	75	204	0	0	1375
204	204	204	204	0	0	0	0	1376
0	0	0	0	0	0	0	0	1377
0	0	0	0	0	0	0	0	1378
0	0	0	0	0	0	0	0	1379
0	0	0	0	0	0	0	0	1380
0	0	0	0	0	75	0	0	1381
0	0	0	0	0	0	0	0	1382
0	0	0	0	0	0	0	0	1383
0	0	0	0	0	0	0	0	1384
0	0	0	0	0	0	0	0	1385
0	0	0	0	0	0	0	204	1386
0	0	0	0	0	0	0	0	1387
0	0	0	0	0	0	0	0	1388
0	0	0	0	0	0	0	0	1389
0	0	0	0	0	0	0	0	1390
0	0	0	0	0	0	0	0	1391
0	0	0	0	0	0	0	0	1392
0	0	0	0	0	0	0	0	1393
0	0	0	0	0	0	0	0	1394
0	0	0	0	0	0	0	0	1395
0	0	0	0	0	0	0	0	1396
0	0	0	0	0	0	0	0	1397
0	0	0	0	0	0	0	0	1398
0	0	0	0	0	0	0	0	1399
204	204	0	204	0	0	0	0	1400
0	0	0	0	0	0	0	0	1401
0	0	0	0	0	0	0	0	1402
0	0	0	0	0	0	0	0	1403
0	0	0	0	0	0	0	0	1404
0	0	0	0	0	0	0	0	1405
0	0	0	0	0	0	0	0	1406
204	204	204	204	75	0	204	0	1407
0	0	0	0	0	0	0	0	1408
204	204	204	204	0	0	0	75	1409
204	204	204	204	0	0	0	0	1410
204	204	204	204	75	75	75	75	1411
204	204	204	204	0	0	204	0	1412
204	204	204	204	0	0	0	204	1413
75	75	75	75	0	0	0	75	1414
75	75	75	75	0	0	0	0	1415
75	75	75	75	0	0	0	0	1416
75	75	75	75	0	0	75	75	1417
75	75	75	75	0	0	0	0	1418
0	75	75	75	0	0	0	0	1419
75	75	75	75	0	204	0	0	1420
75	75	75	75	0	0	0	0	1421
75	75	75	75	0	0	75	75	1422
75	75	75	75	0	0	75	0	1423
75	75	0	75	0	0	0	0	1424
75	75	75	75	0	0	0	0	1425
75	75	75	75	0	0	0	0	1426
75	75	75	75	0	0	0	0	1427
0	75	0	75	0	0	0	204	1428
0	0	0	0	0	0	75	75	1429
0	0	0	0	0	0	75	75	1430
0	0	0	0	0	0	0	0	1431
75	75	75	75	75	75	75	75	1432
0	0	0	0	0	0	75	0	1433
0	0	0	0	0	0	0	0	1434
0	0	0	0	0	0	0	0	1435
0	0	0	0	0	0	0	0	1436
204	204	204	204	0	0	0	75	1437
204	204	204	204	0	0	0	0	1438
204	204	204	204	0	0	0	0	1439
204	204	204	204	0	0	0	0	1440
204	204	204	204	0	0	0	0	1441
204	204	0	0	0	0	0	0	1442
75	75	0	204	0	0	0	0	1443
0	0	0	0	0	0	0	0	1444
0	0	0	0	0	0	0	0	1445
0	0	0	0	0	0	0	0	1446
0	0	0	0	0	0	0	0	1447
0	0	0	0	0	0	0	0	1448
0	0	0	0	0	0	0	0	1449
0	0	0	0	0	0	0	0	1450
0	0	0	0	0	0	0	0	1451
0	0	0	0	0	0	0	0	1452
0	0	0	0	0	0	0	0	1453
0	0	0	0	0	0	0	0	1454
0	0	0	0	0	0	0	0	1455
204	0	0	0	0	0	0	0	1456
0	0	0	0	0	0	0	0	1457
0	0	0	0	75	0	0	0	1458
75	75	75	75	75	75	75	75	1459
75	0	0	0	0	0	0	0	1460
0	0	0	0	0	0	0	0	1461
0	0	0	0	0	0	0	0	1462
0	0	0	0	0	0	0	0	1463
0	0	0	0	0	0	0	0	1464
0	0	0	0	0	0	0	0	1465
0	0	0	0	0	0	0	0	1466
0	0	0	0	0	0	0	0	1467
0	0	0	0	0	0	0	0	1468
0	0	0	0	0	0	0	0	1469
0	0	0	0	0	0	0	0	1470
0	0	0	0	0	0	0	0	1471
0	0	0	0	0	0	0	0	1472
0	0	0	0	0	0	0	0	1473
0	0	0	0	0	0	0	0	1474
0	0	0	0	0	0	0	0	1475
0	0	0	0	0	0	0	0	1476
0	0	0	0	0	0	0	0	1477
0	0	0	0	0	0	0	0	1478
0	0	0	0	0	0	0	0	1479
0	0	0	0	0	0	0	0	1480
0	0	0	0	0	0	0	0	1481
0	0	0	0	0	0	0	0	1482
0	0	0	0	0	0	0	0	1483
0	0	0	0	0	0	0	0	1484
0	0	0	0	0	0	0	0	1485
0	0	0	0	0	0	0	0	1486
204	204	0	204	0	0	0	0	1487
75	75	75	75	0	0	0	0	1488
75	75	75	75	0	0	0	0	1489
204	204	204	204	0	0	0	0	1490
0	0	0	0	0	0	0	0	1491
0	0	0	0	0	0	0	0	1492
0	0	0	0	0	0	0	0	1493
0	0	0	0	0	0	0	0	1494
0	0	0	0	0	0	0	0	1495
0	0	0	0	0	0	0	0	1496
0	0	0	0	0	0	0	0	1497
0	0	0	0	0	0	0	0	1498
0	0	0	0	0	0	0	0	1499
75	75	75	75	75	75	75	75	1500
75	75	75	75	75	75	75	75	1501
204	204	204	204	75	0	75	75	1502
204	204	204	204	0	0	0	0	1503
0	0	0	0	0	0	0	0	1504
0	0	0	0	0	0	0	0	1505
0	0	0	0	0	0	0	0	1506
0	0	0	0	0	0	0	0	1507
0	0	0	0	0	0	0	0	1508
75	75	75	75	75	75	75	75	1509
75	0	0	0	0	75	75	75	1510
0	0	0	0	0	0	0	0	1511
0	0	0	0	0	0	0	0	1512
0	0	0	0	0	0	0	0	1513
0	0	0	0	0	0	0	0	1514
0	0	0	0	0	0	0	0	1515
75	75	75	75	0	0	0	75	1516
75	75	0	75	75	75	75	75	1517
75	0	0	204	75	75	75	75	1518
0	0	0	0	0	0	0	0	1519
0	0	0	0	0	0	0	0	1520
0	0	0	0	0	0	0	0	1521
0	0	0	0	0	0	0	0	1522
0	0	0	0	0	0	0	0	1523
0	0	0	0	0	0	0	0	1524
0	0	0	0	0	0	0	0	1525
75	75	75	75	75	0	75	75	1526
75	75	75	75	75	75	75	75	1527
75	75	75	75	75	75	75	75	1528
75	75	75	75	75	0	75	0	1529
0	0	0	0	0	0	0	0	1530
0	0	0	0	0	0	0	0	1531
204	204	204	204	75	75	75	204	1532
0	0	0	0	0	0	0	0	1533
0	0	0	0	0	0	0	0	1534
0	0	0	0	0	0	0	75	1535
0	0	0	0	0	0	0	0	1536
0	0	0	0	0	0	0	0	1537
0	0	0	0	0	0	0	0	1538
75	75	75	75	0	0	0	0	1539
75	75	75	75	0	0	0	0	1540
0	0	0	0	0	0	0	0	1541
0	0	0	0	0	0	0	0	1542
0	0	0	0	0	0	0	0	1543
0	0	0	0	0	0	0	0	1544
0	0	0	0	0	0	0	0	1545
0	0	0	0	0	0	0	0	1546
0	0	0	0	0	0	0	0	1547
0	0	0	0	0	0	0	0	1548
0	0	0	0	0	0	0	0	1549
0	0	0	0	0	0	0	0	1550
0	0	0	0	0	0	0	0	1551
0	0	0	0	0	0	0	0	1552
0	0	0	0	0	0	0	0	1553
75	75	75	75	75	75	75	75	1554
0	0	0	0	0	0	0	0	1555
75	75	75	75	75	75	75	0	1556
75	75	75	75	0	0	0	75	1557
75	75	75	75	0	75	75	75	1558
0	0	0	0	0	75	0	0	1559
75	75	0	0	0	0	0	75	1560
0	0	0	0	0	75	0	0	1561
0	0	0	0	0	75	0	0	1562
0	0	0	0	0	0	0	0	1563
0	0	0	0	0	0	0	0	1564
0	0	0	0	0	0	0	0	1565
0	0	0	0	0	0	0	0	1566
0	0	0	0	0	0	0	0	1567
0	0	0	0	0	0	0	0	1568
0	0	0	0	0	75	0	0	1569
0	0	0	0	0	0	0	0	1570
0	0	0	0	0	0	0	0	1571
75	75	75	75	75	75	75	75	1572
75	75	0	0	75	75	75	75	1573
75	75	75	75	0	75	75	75	1574
75	75	75	75	0	75	75	75	1575
75	75	75	75	0	0	0	75	1576
75	75	75	75	75	75	75	75	1577
75	75	75	75	75	75	75	75	1578
75	75	75	75	75	75	75	75	1579
0	0	0	0	0	0	0	0	1580
0	0	0	0	0	0	0	0	1581
0	0	0	0	0	0	0	0	1582
0	0	0	0	0	0	0	0	1583
0	0	0	0	0	0	0	0	1584
0	0	0	0	0	75	0	75	1585
75	0	75	75	0	0	0	0	1586
75	0	0	75	0	0	0	0	1587
0	0	0	0	0	0	0	0	1588
0	0	0	0	0	0	0	0	1589
0	0	75	75	0	0	0	0	1590
0	0	0	0	0	0	0	0	1591
0	0	0	0	0	0	204	75	1592
0	0	0	0	0	0	0	75	1593
75	0	0	0	0	0	0	75	1594
0	0	0	0	0	0	0	75	1595
0	0	0	75	0	0	0	75	1596
0	0	0	0	0	0	0	75	1597
0	0	0	0	75	75	0	0	1598
75	75	75	75	75	75	75	75	1599
0	0	0	0	0	75	75	75	1600
75	75	75	75	75	75	75	75	1601
75	75	75	75	75	75	75	75	1602
75	75	75	75	75	75	75	75	1603
75	75	75	75	75	0	75	0	1604
75	75	204	204	75	0	0	0	1605
0	0	0	0	0	75	75	75	1606
0	0	0	0	0	0	0	0	1607
0	0	0	0	0	0	0	75	1608
0	0	0	0	0	0	0	0	1609
0	0	0	0	0	0	0	0	1610
0	0	0	0	0	0	0	0	1611
0	0	0	0	0	0	0	0	1612
0	0	0	0	0	0	0	0	1613
0	0	0	0	0	0	75	0	1614
0	0	0	0	0	0	75	0	1615
75	75	75	75	75	75	75	75	1616
0	0	0	0	0	0	0	0	1617
75	0	0	0	0	0	0	0	1618
75	75	75	75	0	0	75	0	1619
0	0	0	0	0	0	0	75	1620
0	0	0	0	0	0	0	0	1621
0	0	0	0	0	0	0	0	1622
0	0	0	0	0	0	0	0	1623
0	0	0	0	0	0	0	0	1624
0	0	0	0	0	0	0	0	1625
0	0	0	0	0	0	0	0	1626
0	0	0	0	0	0	0	0	1627
0	0	0	0	0	0	0	0	1628
75	75	75	0	0	0	0	0	1629
0	0	0	0	0	0	0	0	1630
0	0	0	0	0	0	0	0	1631
0	0	0	0	0	0	0	0	1632
0	0	0	0	0	0	0	0	1633
75	75	75	75	75	75	75	0	1634
0	0	0	0	0	0	0	0	1635
0	0	0	0	0	0	0	0	1636
0	0	0	0	0	0	0	0	1637
0	0	0	0	0	75	0	0	1638
0	0	0	0	0	0	0	0	1639
0	0	0	0	0	0	0	0	1640
0	0	0	0	0	0	0	0	1641
0	0	0	0	0	0	0	0	1642
0	0	0	0	0	0	0	0	1643
0	0	0	0	0	0	0	0	1644
0	0	0	0	0	0	0	0	1645
0	0	0	0	0	0	0	0	1646
0	0	0	0	0	0	0	0	1647
0	0	0	0	0	0	0	0	1648
0	0	0	0	0	0	75	75	1649
0	0	0	0	0	0	0	0	1650
0	0	0	0	0	0	0	0	1651
0	0	0	0	0	0	0	0	1652
75	75	75	75	75	75	75	75	1653
0	0	0	0	0	0	0	0	1654
0	0	0	0	0	0	0	0	1655
0	0	0	0	0	0	0	0	1656
0	0	0	0	0	0	0	0	1657
0	0	0	0	0	0	0	0	1658
0	0	0	0	0	0	0	0	1659
75	75	75	75	75	0	0	0	1660
0	0	0	0	0	0	0	0	1661
0	0	0	0	0	0	0	0	1662
75	75	75	75	0	0	75	0	1663
75	75	75	75	75	0	75	0	1664
75	75	75	75	75	75	75	75	1665
0	0	0	0	0	0	0	0	1666
0	0	0	0	0	0	0	0	1667
0	0	0	0	0	0	0	0	1668
0	0	0	0	0	0	0	0	1669
0	0	0	0	0	0	0	0	1670
0	0	0	0	0	0	0	0	1671
0	0	0	0	0	0	0	0	1672
0	0	0	0	0	0	0	0	1673
0	0	0	0	0	0	0	0	1674
0	0	0	0	0	0	0	0	1675
75	75	75	75	0	0	0	75	1676
75	75	75	75	0	0	0	0	1677
75	75	75	75	75	75	75	75	1678
75	75	75	75	75	75	75	75	1679
75	75	75	75	75	75	75	75	1680
75	75	75	75	75	75	75	75	1681
204	204	204	204	75	75	75	75	1682
75	75	75	75	75	75	75	75	1683
75	75	75	75	0	0	0	0	1684
75	75	75	75	75	75	75	75	1685
75	75	75	75	75	75	75	75	1686
75	75	75	0	0	75	75	75	1687
75	75	75	75	0	0	0	75	1688
75	75	75	75	75	75	0	75	1689
75	75	75	75	0	0	0	75	1690
75	75	75	75	0	0	0	75	1691
75	75	75	0	0	75	75	75	1692
75	75	75	75	75	75	75	75	1693
75	75	75	75	75	75	75	75	1694
75	75	75	75	75	75	75	75	1695
75	75	75	75	75	75	75	75	1696
204	75	204	204	75	75	0	75	1697
0	0	0	0	0	0	0	0	1698
0	0	0	0	0	0	0	0	1699
0	0	0	0	0	0	0	0	1700
0	0	0	0	0	0	0	0	1701
75	75	75	75	0	0	0	0	1702
75	75	75	75	0	0	0	0	1703
75	75	75	75	0	0	0	75	1704
75	75	75	75	0	204	0	0	1705
75	75	75	75	0	0	75	75	1706
75	75	75	75	0	0	0	75	1707
75	75	75	75	0	0	75	75	1708
75	75	75	75	0	0	75	75	1709
75	75	75	75	0	0	0	75	1710
75	75	75	75	0	0	0	0	1711
75	75	75	75	0	0	0	75	1712
0	0	0	0	0	0	0	75	1713
0	0	0	0	0	0	0	75	1714
0	0	0	0	0	0	0	75	1715
204	204	204	204	0	0	0	0	1716
204	204	204	0	0	0	0	0	1717
204	204	204	204	0	0	0	0	1718
204	204	204	0	0	0	0	0	1719
0	75	0	0	0	0	0	0	1720
75	75	75	75	0	0	0	0	1721
0	0	0	0	0	0	0	75	1722
0	0	0	0	0	0	0	75	1723
75	75	75	75	75	75	75	75	1724
75	75	75	75	75	75	75	75	1725
75	75	75	75	75	75	75	75	1726
75	75	75	75	75	75	75	75	1727
75	75	75	75	75	75	75	75	1728
75	75	75	75	75	75	75	75	1729
75	75	75	75	75	75	75	75	1730
75	75	75	75	75	75	75	75	1731
75	75	75	75	75	75	75	75	1732
75	75	75	75	75	75	75	0	1733
75	75	75	75	0	75	75	75	1734
75	75	75	75	75	75	75	75	1735
75	75	75	75	75	75	75	75	1736
75	75	75	75	75	75	75	75	1737
204	204	0	204	75	0	75	0	1738
75	75	75	75	0	0	0	204	1739
0	0	0	0	0	0	0	0	1740
0	0	0	0	0	0	0	0	1741
0	0	0	0	0	0	0	0	1742
0	0	0	0	0	0	0	0	1743
0	0	0	0	0	0	0	0	1744
75	0	75	0	0	0	0	0	1745
0	0	0	0	0	0	0	0	1746
0	0	0	0	0	0	0	0	1747
0	0	0	0	0	0	0	0	1748
0	0	0	0	0	0	0	0	1749
0	0	0	0	0	0	0	0	1750
0	0	0	0	0	0	0	0	1751
0	0	0	0	0	0	0	0	1752
0	0	0	0	0	0	0	0	1753
0	0	0	0	75	0	0	0	1754
75	0	75	0	0	0	0	0	1755
75	75	75	75	75	75	75	75	1756
75	75	75	75	75	75	75	75	1757
75	75	75	75	75	75	75	75	1758
75	75	75	75	75	75	75	75	1759
75	75	75	75	75	75	75	75	1760
75	75	75	75	75	0	75	75	1761
75	75	75	75	75	75	0	75	1762
75	75	75	75	75	75	75	75	1763
75	75	75	75	75	75	75	75	1764
75	75	75	75	0	0	75	75	1765
75	75	75	75	0	0	75	75	1766
75	75	75	75	0	0	75	75	1767
75	75	75	75	0	75	75	75	1768
75	75	75	75	0	0	75	75	1769
75	75	75	75	0	0	75	75	1770
75	75	75	75	0	0	75	75	1771
75	75	75	75	0	0	75	75	1772
75	75	75	75	0	0	75	75	1773
75	75	75	75	75	0	75	75	1774
75	75	75	75	75	0	75	75	1775
75	75	75	75	0	0	75	75	1776
75	75	75	75	0	0	75	75	1777
75	75	75	75	0	0	75	75	1778
75	75	75	75	0	0	75	75	1779
75	75	75	75	0	0	75	75	1780
75	75	75	75	0	0	75	75	1781
75	75	75	75	75	0	75	75	1782
75	75	75	75	75	75	75	75	1783
75	75	75	75	75	75	75	75	1784
75	75	75	75	0	0	75	75	1785
75	75	75	75	0	0	75	75	1786
75	75	75	75	0	0	0	75	1787
75	75	75	75	0	0	75	75	1788
75	75	75	75	0	75	75	75	1789
75	75	75	75	0	75	75	75	1790
75	75	75	75	75	75	75	75	1791
75	75	75	75	75	75	75	75	1792
75	75	75	75	75	75	75	75	1793
75	75	75	75	75	75	75	75	1794
75	75	75	75	75	75	75	75	1795
75	75	75	75	75	75	75	75	1796
75	75	75	75	75	75	75	75	1797
75	75	75	75	75	75	75	75	1798
75	75	75	75	75	75	75	75	1799
75	75	75	75	75	75	75	75	1800
75	75	75	75	75	75	75	75	1801
75	75	75	75	75	75	75	75	1802
75	75	75	75	75	75	75	75	1803
75	75	75	75	75	75	75	75	1804
75	75	75	75	75	75	75	75	1805
75	75	75	75	75	75	75	75	1806
75	75	75	75	75	0	75	75	1807
75	75	75	75	75	75	75	75	1808
75	75	75	75	75	75	75	75	1809
75	75	75	75	75	75	75	0	1810
75	75	75	75	75	75	75	75	1811
75	75	75	75	75	75	75	75	1812
75	75	75	75	75	75	75	75	1813
75	75	75	75	0	75	75	75	1814
75	75	75	75	75	75	75	75	1815
75	75	75	75	75	75	75	75	1816
75	75	75	75	75	75	75	75	1817
75	75	75	75	75	75	75	75	1818
75	75	75	75	75	75	75	75	1819
75	75	75	75	75	75	75	75	1820
75	75	75	75	75	75	75	75	1821
75	75	75	75	75	75	75	75	1822
75	75	75	75	75	75	75	0	1823
75	75	75	75	75	75	75	75	1824
75	75	75	75	75	75	75	0	1825
75	75	75	75	75	75	75	75	1826
75	75	75	75	75	75	75	0	1827
75	75	75	75	75	75	75	0	1828
75	75	75	75	75	75	0	0	1829
75	75	75	75	0	75	0	0	1830
75	75	75	75	0	75	75	0	1831
75	75	75	75	0	75	75	0	1832
75	75	75	75	0	0	0	0	1833
75	75	75	75	75	75	75	0	1834
75	75	75	75	0	0	204	0	1835
75	75	75	75	0	0	0	0	1836
75	75	75	75	0	0	0	0	1837
75	75	75	75	0	0	204	0	1838
75	75	75	75	0	0	75	75	1839
75	75	75	75	0	0	0	0	1840
75	75	75	75	0	0	0	0	1841
75	75	75	75	0	0	0	0	1842
75	75	75	75	0	0	0	0	1843
75	75	75	75	0	0	0	0	1844
75	75	75	75	0	0	0	0	1845
75	75	75	75	0	0	0	0	1846
75	75	75	75	0	0	0	0	1847
75	75	75	75	75	75	75	75	1848
75	75	75	75	75	75	75	75	1849
75	75	75	75	0	0	0	0	1850
75	75	75	75	0	75	0	0	1851
75	75	75	75	0	0	0	0	1852
75	75	75	75	0	0	0	0	1853
75	75	0	75	0	0	0	75	1854
75	75	0	75	0	0	0	75	1855
75	75	0	0	0	0	0	75	1856
75	75	75	0	75	75	75	75	1857
75	75	75	0	75	75	75	75	1858
75	0	0	0	0	75	0	0	1859
75	0	0	0	0	75	75	0	1860
75	0	0	0	0	75	0	0	1861
75	0	0	0	0	0	0	0	1862
0	0	75	0	0	0	75	75	1863
75	75	75	75	0	0	75	75	1864
75	75	75	0	75	0	75	75	1865
0	0	0	0	0	0	0	0	1866
0	0	0	0	0	0	0	0	1867
0	75	0	0	0	0	0	75	1868
0	0	0	0	0	0	0	75	1869
0	0	0	0	0	0	0	0	1870
0	0	0	0	0	0	0	0	1871
75	0	0	0	75	0	75	0	1872
0	0	0	0	75	0	0	0	1873
75	75	75	0	0	75	0	0	1874
75	75	75	75	0	75	0	0	1875
0	0	0	0	0	75	0	0	1876
75	75	75	75	75	75	75	75	1877
75	75	75	75	75	75	75	75	1878
75	75	75	75	75	75	75	75	1879
75	75	75	75	75	75	75	75	1880
75	75	75	75	75	75	75	75	1881
75	75	75	75	75	75	75	75	1882
75	75	75	75	75	75	75	75	1883
75	75	75	75	75	75	75	75	1884
75	75	75	75	75	75	75	75	1885
75	75	75	75	75	75	75	75	1886
204	204	204	204	75	75	75	75	1887
204	75	204	204	0	0	75	204	1888
204	75	204	204	0	0	75	204	1889
75	75	75	75	75	75	75	75	1890
75	75	75	75	75	75	75	75	1891
75	75	75	75	75	75	75	75	1892
204	75	204	204	75	75	75	0	1893
75	75	204	204	0	75	75	0	1894
204	75	204	204	75	75	75	0	1895
204	75	204	204	75	75	75	75	1896
204	75	204	204	75	75	75	204	1897
204	75	204	204	75	75	75	0	1898
204	75	204	204	75	75	75	0	1899
204	75	204	204	75	75	75	204	1900
204	75	204	204	75	75	75	75	1901
204	75	204	204	75	0	75	204	1902
204	75	204	204	75	75	75	204	1903
204	75	204	204	75	0	75	204	1904
204	75	204	204	75	75	75	204	1905
204	75	204	204	75	75	75	0	1906
204	75	204	204	75	75	75	0	1907
204	75	204	204	75	75	75	0	1908
204	75	204	204	75	75	75	0	1909
204	75	204	204	75	75	75	0	1910
204	75	204	204	75	75	75	0	1911
75	75	204	204	75	75	75	0	1912
204	75	0	204	75	75	75	0	1913
75	75	204	204	75	75	75	0	1914
75	75	204	204	75	75	75	75	1915
75	75	204	204	75	75	75	0	1916
204	75	204	204	75	75	75	0	1917
204	75	204	204	75	75	75	0	1918
0	0	75	75	75	75	75	75	1919
75	0	75	75	75	75	75	75	1920
75	0	75	75	75	75	75	75	1921
75	0	75	75	75	75	75	75	1922
75	0	75	75	75	75	75	75	1923
75	75	75	75	0	0	0	75	1924
75	0	75	75	0	0	75	75	1925
75	0	0	0	0	0	0	0	1926
0	0	75	0	0	0	0	0	1927
204	204	75	0	0	0	204	75	1928
75	0	0	0	0	75	75	75	1929
0	0	0	0	0	0	0	0	1930
0	0	0	0	0	75	0	75	1931
75	0	0	0	0	75	0	0	1932
75	204	204	204	75	75	75	204	1933
0	0	0	0	0	75	75	75	1934
0	0	0	0	75	75	75	75	1935
0	0	0	0	0	75	75	75	1936
75	75	75	75	75	75	75	75	1937
75	75	75	75	75	75	75	75	1938
0	0	0	0	0	0	0	0	1939
75	75	75	75	75	75	75	75	1940
0	0	0	0	0	0	75	75	1941
0	0	0	0	204	0	0	0	1942
0	0	0	0	0	0	0	0	1943
0	0	0	0	0	0	0	0	1944
0	0	0	0	0	0	0	0	1945
0	0	0	0	0	0	0	0	1946
0	0	0	0	0	0	0	0	1947
0	0	0	0	0	0	0	0	1948
0	0	0	75	0	0	0	0	1949
0	0	0	75	0	75	204	0	1950
0	0	0	0	0	0	0	0	1951
0	0	0	0	0	0	0	0	1952
0	0	0	0	0	0	0	204	1953
75	75	204	204	75	75	75	204	1954
75	75	204	204	75	75	75	204	1955
75	75	75	75	75	75	75	75	1956
0	0	0	0	0	75	0	0	1957
0	0	0	0	0	0	0	0	1958
0	0	0	0	0	0	0	0	1959
0	0	0	0	0	0	0	0	1960
0	0	0	0	0	0	0	0	1961
0	0	0	0	0	0	0	0	1962
0	0	0	0	0	0	0	0	1963
0	0	0	0	0	0	0	0	1964
0	0	0	0	0	0	0	0	1965
0	0	0	0	0	0	75	75	1966
75	0	0	0	0	0	0	0	1967
0	0	0	0	0	75	0	75	1968
0	0	0	0	75	0	75	75	1969
0	0	0	0	75	75	75	75	1970
0	0	0	75	75	75	75	75	1971
0	0	0	0	0	0	0	0	1972
0	0	75	0	0	0	0	0	1973
0	0	0	0	0	0	0	0	1974
75	0	0	0	0	0	0	0	1975
0	0	0	0	0	0	75	0	1976
0	0	0	0	0	0	0	0	1977
75	75	75	75	75	75	75	75	1978
0	0	204	0	0	0	0	0	1979
0	0	0	75	0	0	0	0	1980
0	0	0	0	0	0	0	0	1981
0	0	0	0	0	0	0	0	1982
0	0	0	0	0	0	0	0	1983
0	0	0	0	0	0	0	0	1984
0	0	0	0	0	0	0	0	1985
0	0	0	0	0	0	0	0	1986
0	0	0	0	0	0	0	0	1987
0	0	0	0	0	0	0	0	1988
0	0	0	0	0	0	0	0	1989
75	0	0	0	75	75	75	75	1990
75	75	204	75	0	75	75	75	1991
75	75	75	75	75	75	75	75	1992
75	75	75	75	75	75	75	75	1993
0	0	0	0	0	0	0	0	1994
0	0	0	0	0	0	0	0	1995
0	0	0	0	0	0	0	0	1996
0	0	0	0	0	0	0	0	1997
0	0	0	0	0	0	75	75	1998
0	0	0	0	0	0	0	0	1999
75	0	0	0	75	0	0	204	2000
0	0	0	0	0	0	0	0	2001
0	0	0	0	0	0	75	0	2002
0	0	0	0	0	0	75	0	2003
75	204	204	204	75	0	75	75	2004
75	204	204	204	75	0	0	0	2005
0	0	0	0	0	0	75	0	2006
75	0	0	0	75	75	75	75	2007
0	0	0	0	0	0	0	0	2008
0	0	0	0	0	0	0	0	2009
0	0	0	0	0	0	0	0	2010
0	75	0	0	0	0	0	0	2011
75	75	75	75	75	75	75	0	2012
75	204	204	204	75	75	75	204	2013
75	75	75	75	75	75	75	75	2014
75	75	75	75	75	75	75	75	2015
75	75	75	75	75	75	75	75	2016
75	75	75	75	75	75	75	75	2017
75	75	75	75	75	75	75	75	2018
75	75	75	75	75	75	75	204	2019
75	75	75	75	0	75	75	75	2020
75	75	75	75	75	75	75	75	2021
75	75	75	75	75	75	75	75	2022
75	75	75	75	75	75	75	75	2023
75	75	75	75	75	75	75	75	2024
75	75	0	0	0	0	0	0	2025
75	75	75	75	0	0	0	75	2026
75	75	75	75	75	75	75	75	2027
75	75	75	75	75	75	75	75	2028
204	204	204	204	75	75	75	0	2029
75	75	75	75	75	75	75	75	2030
75	75	75	75	75	75	75	75	2031
0	0	0	0	0	0	0	0	2032
204	204	204	204	0	0	75	75	2033
204	204	204	204	0	0	75	204	2034
204	204	204	204	0	0	75	75	2035
204	204	204	204	204	0	75	75	2036
204	204	204	204	0	0	75	204	2037
0	0	204	0	75	0	0	0	2038
75	204	0	75	75	75	75	75	2039
75	75	0	0	75	0	0	75	2040
75	75	75	75	75	75	75	75	2041
0	0	75	75	75	0	75	0	2042
75	75	75	75	0	75	75	75	2043
75	75	75	75	75	75	75	75	2044
75	75	75	75	75	0	75	0	2045
0	0	75	75	0	0	0	75	2046
0	0	0	0	0	0	0	0	2047
0	0	0	0	75	75	0	0	2048
75	75	75	75	75	75	75	75	2049
75	75	0	75	75	0	0	75	2050
75	204	0	204	75	75	75	204	2051
75	75	75	75	0	0	0	0	2052
75	75	75	75	0	0	75	75	2053
75	75	75	75	0	0	75	75	2054
0	0	0	0	0	0	75	75	2055
0	0	204	0	0	0	0	75	2056
0	0	0	0	0	0	0	75	2057
0	0	0	0	0	0	0	0	2058
0	0	0	0	0	0	75	0	2059
0	75	0	0	0	0	0	75	2060
0	75	0	0	0	0	75	75	2061
0	0	0	0	0	0	0	0	2062
0	0	0	0	0	0	0	0	2063
0	0	0	0	0	0	0	0	2064
0	0	0	0	0	0	0	0	2065
0	75	0	0	0	0	0	0	2066
0	0	0	0	0	0	0	0	2067
0	0	0	0	0	0	0	0	2068
0	0	0	75	0	0	0	0	2069
0	0	0	0	0	0	0	0	2070
0	0	0	0	0	0	0	0	2071
0	0	0	0	0	0	0	0	2072
0	0	0	0	0	0	0	0	2073
75	0	0	0	0	0	0	0	2074
0	0	0	0	0	0	0	0	2075
0	0	0	0	0	0	0	0	2076
0	0	0	75	0	0	0	0	2077
0	0	0	0	0	0	0	0	2078
0	0	0	0	0	0	0	0	2079
0	0	0	0	0	0	0	0	2080
0	0	0	0	0	0	75	75	2081
0	0	0	0	0	0	0	75	2082
0	0	0	0	0	0	0	0	2083
0	0	0	0	0	0	0	0	2084
0	0	0	0	0	0	0	0	2085
0	0	0	0	0	0	0	0	2086
0	0	0	0	0	0	0	0	2087
0	0	0	0	0	0	0	0	2088
75	75	75	75	0	0	0	75	2089
75	75	75	75	75	0	75	75	2090
75	75	75	75	75	75	75	75	2091
75	75	75	75	75	75	75	75	2092
0	0	0	0	0	0	0	0	2093
204	0	0	0	0	0	0	0	2094
204	0	0	0	0	0	0	0	2095
0	0	0	0	0	0	0	0	2096
0	0	0	0	0	0	0	0	2097
0	0	0	0	0	0	0	0	2098
0	0	0	0	0	0	0	0	2099
0	0	0	0	0	0	0	0	2100
0	0	0	0	0	0	0	0	2101
0	0	0	0	0	0	0	0	2102
0	0	0	0	0	0	0	0	2103
0	0	0	0	0	0	0	0	2104
0	0	0	0	0	0	0	0	2105
0	0	0	0	0	0	0	0	2106
0	0	0	0	0	0	0	0	2107
0	0	0	0	0	0	0	0	2108
0	0	0	0	0	0	0	0	2109
0	0	0	0	0	0	0	0	2110
0	0	0	0	0	0	0	0	2111
0	0	0	0	0	0	0	0	2112
0	0	0	0	0	0	0	0	2113
0	0	0	0	0	0	0	0	2114
0	0	0	0	0	0	0	0	2115
0	0	0	0	0	0	0	0	2116
0	0	0	0	0	0	0	0	2117
0	0	0	0	0	0	0	0	2118
0	0	0	0	0	0	0	0	2119
0	0	0	0	0	0	0	0	2120
0	0	0	0	0	0	0	0	2121
0	0	0	0	0	0	0	0	2122
0	0	0	0	0	0	0	0	2123
0	0	0	0	0	0	0	0	2124
0	0	0	0	0	0	0	0	2125
0	0	0	0	0	0	0	0	2126
0	0	0	0	0	0	0	0	2127
0	0	0	0	0	0	0	0	2128
75	75	75	75	0	0	0	0	2129
75	75	75	75	0	0	0	0	2130
75	75	0	75	0	0	0	0	2131
0	0	0	0	0	0	0	0	2132
75	75	75	75	75	75	75	75	2133
0	0	0	0	0	0	0	0	2134
75	0	0	0	0	0	0	0	2135
75	0	0	0	0	0	0	0	2136
75	75	0	0	0	0	0	0	2137
0	0	0	0	0	0	0	0	2138
0	0	0	0	0	0	0	0	2139
0	0	0	0	0	0	0	0	2140
0	0	0	0	0	0	0	0	2141
0	0	0	0	0	0	0	0	2142
0	0	0	0	0	0	0	0	2143
0	0	0	0	0	0	0	0	2144
0	0	0	0	0	0	0	0	2145
0	0	0	0	0	0	0	0	2146
0	0	0	0	0	0	0	0	2147
0	0	0	0	0	0	0	0	2148
0	0	0	0	0	0	0	0	2149
0	0	0	0	0	0	0	0	2150
0	0	0	0	0	0	0	0	2151
0	0	0	0	0	0	0	0	2152
0	0	0	0	0	0	0	0	2153
0	0	0	0	0	0	0	0	2154
75	75	75	0	0	75	75	0	2155
75	75	75	0	0	0	0	0	2156
0	0	0	0	0	0	0	0	2157
0	0	0	0	0	0	0	0	2158
0	0	0	0	0	0	0	0	2159
0	0	0	0	0	0	0	0	2160
0	0	0	0	0	0	0	0	2161
204	204	204	204	75	75	75	204	2162
204	204	204	204	204	0	0	204	2163
75	0	0	0	0	0	0	0	2164
75	75	75	0	0	0	0	0	2165
75	0	0	0	0	0	0	75	2166
75	0	0	0	75	75	0	0	2167
75	75	0	75	0	0	0	0	2168
75	75	75	75	0	0	0	75	2169
204	204	204	204	75	75	75	75	2170
75	75	75	75	75	75	75	75	2171
75	75	75	75	75	0	0	0	2172
0	0	0	0	0	0	0	0	2173
0	0	0	0	0	0	0	0	2174
0	0	0	0	0	0	0	0	2175
0	0	0	0	0	0	0	0	2176
0	0	0	0	0	0	0	0	2177
0	0	0	0	0	0	75	0	2178
0	0	0	0	0	0	75	0	2179
75	0	0	0	0	0	0	0	2180
75	0	0	0	0	0	0	0	2181
0	0	0	0	0	0	0	0	2182
0	0	0	0	0	0	0	0	2183
0	0	0	0	0	0	0	0	2184
0	0	0	0	75	0	0	0	2185
204	0	0	75	0	0	0	0	2186
0	0	0	0	0	0	75	0	2187
0	0	0	0	0	0	75	0	2188
0	0	0	0	0	0	75	0	2189
0	0	0	0	0	0	0	0	2190
0	0	0	0	0	0	0	0	2191
0	0	0	0	0	0	0	0	2192
0	0	0	0	0	0	0	0	2193
0	0	0	0	0	0	0	0	2194
0	0	0	0	0	0	0	0	2195
0	0	0	0	0	0	0	0	2196
0	0	0	0	0	0	0	0	2197
75	75	75	75	75	75	75	75	2198
75	75	75	75	75	75	75	75	2199
75	75	75	75	75	75	75	75	2200
75	75	75	75	75	75	75	75	2201
75	75	75	75	75	75	75	75	2202
75	75	75	75	75	75	75	75	2203
75	75	75	0	0	75	0	0	2204
75	75	75	0	0	75	0	0	2205
75	75	75	75	75	75	75	75	2206
75	75	75	75	75	75	75	75	2207
75	75	75	75	75	75	75	75	2208
75	75	75	75	75	75	75	75	2209
75	75	75	75	75	75	75	75	2210
75	75	75	75	75	0	75	75	2211
0	0	0	0	0	0	0	0	2212
0	0	0	0	0	0	0	0	2213
0	0	0	0	0	0	0	0	2214
0	0	0	0	0	0	0	0	2215
0	0	0	0	0	0	0	0	2216
0	0	0	0	0	0	0	0	2217
75	75	75	75	75	75	75	75	2218
0	0	0	0	0	0	0	0	2219
75	75	75	75	75	75	75	75	2220
0	0	0	0	0	0	0	0	2221
0	0	0	0	0	0	0	0	2222
0	0	0	0	0	0	0	0	2223
0	0	0	0	0	0	0	0	2224
0	0	0	0	0	0	0	0	2225
0	0	0	0	0	0	0	0	2226
0	0	0	0	0	0	0	0	2227
0	0	0	0	0	0	0	0	2228
0	0	0	0	0	0	0	0	2229
0	0	0	0	0	0	0	0	2230
0	0	0	0	0	0	0	0	2231
0	0	0	0	0	0	0	0	2232
0	0	0	0	0	0	0	0	2233
0	0	0	0	0	0	0	0	2234
0	0	0	0	0	0	0	0	2235
0	75	75	0	0	0	0	0	2236
0	0	0	0	0	0	0	0	2237
0	0	0	0	0	0	0	0	2238
0	0	0	0	0	0	0	0	2239
0	0	0	0	0	0	75	0	2240
0	0	0	0	0	0	0	0	2241
0	0	0	0	0	0	0	0	2242
0	0	0	0	0	0	0	0	2243
75	75	75	75	75	75	75	75	2244
75	75	75	75	0	75	75	75	2245
75	75	75	75	0	0	0	75	2246
75	75	75	75	0	0	0	75	2247
75	75	75	75	0	0	75	75	2248
75	75	75	75	0	0	75	75	2249
75	75	75	75	204	0	0	75	2250
75	75	75	75	0	75	75	75	2251
75	75	75	75	75	75	75	75	2252
75	75	75	75	0	0	75	75	2253
75	75	75	75	75	75	75	75	2254
75	75	75	75	75	75	75	75	2255
75	75	75	75	75	75	75	75	2256
75	75	75	75	75	75	75	75	2257
75	75	75	75	75	75	75	75	2258
75	75	75	75	75	75	75	75	2259
75	75	75	75	75	75	75	75	2260
75	75	75	75	75	75	75	75	2261
75	75	75	75	75	75	75	75	2262
75	75	75	75	75	75	75	75	2263
75	75	75	75	75	75	75	75	2264
75	75	75	75	0	0	75	75	2265
75	75	75	75	0	0	75	75	2266
75	75	75	75	0	0	75	75	2267
75	75	75	75	0	0	75	75	2268
75	75	75	75	0	0	0	75	2269
75	75	75	75	75	75	0	75	2270
75	75	75	75	75	75	75	75	2271
75	75	75	75	75	75	75	75	2272
75	75	75	75	75	75	75	75	2273
75	75	75	75	0	75	75	75	2274
75	75	75	75	0	0	75	75	2275
75	75	75	75	0	0	75	75	2276
75	75	75	75	0	0	75	75	2277
75	75	75	75	0	75	75	75	2278
75	75	75	75	204	0	75	75	2279
75	75	75	75	204	0	75	75	2280
75	75	75	75	0	0	75	75	2281
75	75	75	75	204	0	75	75	2282
75	75	75	75	204	0	75	75	2283
75	75	75	75	204	0	75	75	2284
75	75	75	75	204	0	75	75	2285
75	75	75	75	204	0	0	75	2286
75	75	75	75	204	0	75	75	2287
75	75	75	75	204	0	75	75	2288
75	75	75	75	204	0	75	75	2289
75	75	75	75	204	0	0	75	2290
75	75	75	75	204	0	75	75	2291
75	75	75	75	0	0	75	75	2292
75	75	75	75	0	0	75	75	2293
75	75	75	75	0	0	75	75	2294
75	75	75	75	0	0	75	75	2295
75	75	75	75	0	0	0	0	2296
75	75	75	75	0	0	75	75	2297
75	75	75	75	0	0	75	75	2298
75	75	75	75	75	75	75	75	2299
204	75	75	204	0	0	75	75	2300
204	75	0	204	0	0	75	75	2301
204	75	75	204	0	0	75	75	2302
204	75	75	204	0	0	75	75	2303
204	75	75	204	0	0	75	75	2304
204	75	75	204	0	0	75	75	2305
204	75	75	204	0	0	75	75	2306
204	75	75	204	0	0	75	75	2307
204	75	75	204	0	0	75	75	2308
204	75	75	204	0	0	75	75	2309
204	75	75	204	0	0	75	75	2310
204	75	75	204	0	0	75	75	2311
75	75	75	204	75	0	75	75	2312
75	75	75	204	75	75	75	75	2313
75	75	75	204	75	75	75	75	2314
75	75	75	204	0	75	75	75	2315
204	75	75	204	0	75	75	75	2316
204	75	75	204	0	0	75	75	2317
75	75	75	204	0	0	75	75	2318
75	75	75	204	75	75	75	75	2319
204	75	75	204	0	0	75	75	2320
204	75	75	204	0	0	75	75	2321
204	75	75	204	204	0	75	75	2322
204	75	75	204	0	0	75	75	2323
75	204	75	204	75	75	75	75	2324
75	75	75	204	75	75	75	204	2325
204	204	204	204	0	0	0	204	2326
204	204	204	204	75	0	0	0	2327
75	75	75	204	75	0	75	75	2328
0	0	0	0	0	0	0	0	2329
0	0	0	0	0	0	0	0	2330
0	0	0	0	0	0	0	0	2331
0	0	0	0	0	0	0	0	2332
0	0	0	0	75	75	75	75	2333
0	0	0	75	75	75	75	75	2334
75	75	75	75	75	0	75	75	2335
75	75	75	75	75	75	75	75	2336
204	204	204	204	75	75	75	75	2337
75	75	75	75	75	75	75	75	2338
75	75	0	0	0	75	75	0	2339
0	0	0	0	0	0	0	0	2340
0	0	0	0	0	0	75	0	2341
0	0	0	0	0	0	0	0	2342
0	0	0	0	0	0	0	0	2343
0	0	0	0	0	0	0	0	2344
204	75	75	75	0	75	75	75	2345
75	75	75	75	0	75	0	75	2346
0	0	0	0	0	0	0	0	2347
75	75	75	75	75	75	75	75	2348
75	75	75	75	0	0	0	0	2349
75	75	0	0	75	0	0	75	2350
75	75	75	75	0	204	75	75	2351
75	75	75	75	75	75	75	0	2352
75	75	75	75	75	0	0	0	2353
75	75	75	75	75	204	75	75	2354
75	75	75	75	75	204	75	75	2355
75	75	75	0	75	0	75	75	2356
75	75	75	75	75	75	75	0	2357
0	0	0	0	0	0	75	75	2358
0	75	0	0	0	0	0	75	2359
0	0	0	0	0	0	0	75	2360
0	0	0	0	0	0	0	75	2361
0	0	0	0	0	0	0	75	2362
0	0	0	0	0	0	0	75	2363
0	0	0	0	0	0	0	0	2364
0	0	0	0	0	0	0	0	2365
0	0	0	0	0	0	0	0	2366
0	75	75	204	204	0	0	75	2367
75	75	75	75	204	0	75	75	2368
75	75	75	75	75	75	0	75	2369
75	75	0	0	75	75	0	0	2370
0	0	0	0	0	0	0	0	2371
0	0	0	0	0	0	0	0	2372
0	0	0	0	0	0	0	0	2373
0	0	0	0	0	0	0	0	2374
0	0	0	0	0	0	0	0	2375
0	0	0	0	0	0	0	0	2376
0	0	0	0	0	0	0	0	2377
0	75	0	0	0	0	0	0	2378
0	0	0	0	0	0	0	0	2379
0	0	0	0	0	0	0	0	2380
0	0	0	0	0	0	0	0	2381
0	0	0	0	0	0	0	0	2382
0	0	0	0	0	0	0	0	2383
0	0	0	0	0	0	0	0	2384
0	0	0	0	0	0	0	0	2385
0	0	0	0	0	0	0	0	2386
0	0	0	0	0	0	0	0	2387
75	75	75	75	0	0	0	0	2388
75	75	75	75	0	75	75	75	2389
0	0	0	0	0	0	0	0	2390
0	0	0	0	0	0	0	0	2391
0	0	0	0	0	0	0	0	2392
0	0	0	0	0	0	0	0	2393
0	0	0	0	0	0	0	0	2394
0	0	0	0	0	0	0	0	2395
0	0	0	0	0	0	0	0	2396
0	0	0	0	0	0	0	0	2397
0	0	0	0	0	0	0	0	2398
0	0	0	0	0	0	0	0	2399
0	0	0	0	0	0	75	75	2400
0	0	0	0	0	0	75	75	2401
0	0	0	0	0	0	0	0	2402
0	0	0	0	0	0	0	0	2403
0	0	0	0	0	0	0	0	2404
0	0	75	75	75	0	0	75	2405
0	0	75	75	75	0	0	75	2406
0	0	75	75	75	0	0	75	2407
0	0	75	75	75	0	0	75	2408
0	0	0	0	0	0	0	0	2409
0	75	75	75	75	75	75	75	2410
0	75	75	75	75	75	75	75	2411
0	75	75	75	75	75	75	75	2412
0	75	75	75	75	75	75	75	2413
0	0	0	0	0	0	0	0	2414
0	0	0	0	0	0	0	0	2415
0	0	0	0	0	0	0	0	2416
0	0	0	0	0	0	0	0	2417
0	0	0	0	0	0	0	0	2418
0	0	0	0	0	0	0	0	2419
0	0	0	0	0	0	0	0	2420
0	0	0	0	0	0	0	0	2421
0	0	0	0	0	0	0	0	2422
0	0	0	0	0	0	0	0	2423
0	0	0	0	0	0	0	0	2424
0	0	0	0	0	0	0	0	2425
0	0	0	0	0	0	0	0	2426
0	0	0	0	0	0	0	0	2427
0	0	0	0	0	0	0	0	2428
0	0	0	0	0	0	0	0	2429
0	0	0	0	0	0	0	0	2430
0	0	0	0	0	0	75	75	2431
0	0	0	0	0	0	0	0	2432
0	0	0	0	0	0	0	0	2433
0	0	0	0	0	0	0	0	2434
0	0	0	0	0	0	0	0	2435
0	0	0	0	0	0	0	0	2436
0	0	0	0	0	0	0	0	2437
0	0	0	0	0	0	0	0	2438
0	0	0	0	0	0	0	0	2439
75	75	75	75	0	0	0	204	2440
75	204	204	204	75	0	204	75	2441
75	75	75	75	75	75	75	75	2442
75	75	75	75	75	75	75	75	2443
75	75	75	75	75	75	75	75	2444
75	75	75	75	75	75	75	75	2445
75	75	75	75	75	75	75	75	2446
75	75	75	75	75	75	75	75	2447
75	75	75	75	75	75	75	75	2448
75	75	75	75	75	75	75	75	2449
75	75	75	75	75	75	75	75	2450
75	75	75	75	75	75	75	0	2451
75	75	75	75	75	75	75	75	2452
75	75	75	75	75	75	75	75	2453
75	75	75	75	75	0	0	204	2454
0	75	0	75	0	0	0	204	2455
75	75	75	0	75	0	0	75	2456
0	75	0	0	0	0	204	0	2457
75	0	0	0	0	0	0	75	2458
75	0	0	75	0	0	0	0	2459
0	75	204	75	0	0	0	204	2460
0	0	0	0	0	0	0	0	2461
0	0	0	0	0	0	0	0	2462
0	0	0	0	0	0	0	0	2463
0	0	0	0	0	0	0	0	2464
0	0	0	0	0	0	0	0	2465
0	0	0	0	0	0	0	0	2466
0	0	0	0	0	0	0	0	2467
0	0	0	0	0	0	0	0	2468
0	0	0	0	0	0	0	0	2469
0	0	0	0	0	0	0	0	2470
75	75	75	75	75	75	75	75	2471
0	0	0	0	0	75	0	0	2472
0	0	0	0	0	75	0	0	2473
0	0	0	0	75	0	0	0	2474
75	0	0	0	0	0	0	204	2475
75	0	0	0	0	0	0	0	2476
75	75	75	75	75	0	75	75	2477
75	75	75	75	75	0	0	0	2478
75	75	75	75	0	75	75	75	2479
0	0	0	0	0	0	0	0	2480
0	0	0	0	0	0	0	0	2481
0	0	0	0	0	0	0	75	2482
75	0	0	0	0	0	0	0	2483
0	0	0	0	75	0	0	0	2484
0	0	75	0	75	0	0	0	2485
0	0	0	0	0	0	0	0	2486
0	0	0	0	75	0	75	75	2487
0	0	0	75	0	204	0	0	2488
75	0	75	0	0	0	0	0	2489
0	0	0	0	0	0	0	0	2490
0	0	75	0	75	75	0	0	2491
0	0	0	0	0	0	0	0	2492
0	0	0	75	0	75	0	0	2493
0	0	0	0	0	75	0	0	2494
0	0	0	0	0	75	75	75	2495
0	0	0	0	0	0	0	0	2496
0	0	0	0	0	0	0	0	2497
0	0	75	0	0	0	0	0	2498
0	0	0	0	0	0	0	0	2499
0	0	75	0	0	0	0	0	2500
0	0	0	0	0	0	0	0	2501
0	75	0	204	0	0	0	0	2502
0	0	0	0	0	0	0	204	2503
0	75	0	0	0	0	0	0	2504
0	75	0	0	0	0	0	0	2505
0	0	0	0	0	75	75	75	2506
0	0	0	0	0	0	0	0	2507
0	0	0	0	0	0	0	0	2508
0	0	0	0	0	0	0	0	2509
204	0	204	204	0	0	0	0	2510
75	0	75	0	75	0	0	0	2511
75	0	0	0	75	75	75	75	2512
0	0	0	0	0	0	0	0	2513
0	0	0	0	0	75	0	0	2514
0	0	0	0	0	0	0	0	2515
0	0	0	0	0	0	75	75	2516
0	0	0	0	0	0	0	0	2517
0	0	0	0	0	0	0	0	2518
0	0	0	0	0	0	0	0	2519
0	0	0	0	0	0	0	0	2520
0	0	0	0	0	0	0	0	2521
75	75	75	75	0	0	0	0	2522
0	0	0	0	0	0	0	0	2523
0	0	0	0	0	0	0	0	2524
0	0	0	0	0	0	0	0	2525
0	0	0	0	0	0	0	0	2526
75	75	75	75	75	0	75	204	2527
0	0	0	0	0	0	0	0	2528
0	0	0	0	0	0	0	0	2529
0	0	0	0	0	0	0	0	2530
0	0	0	0	0	0	0	0	2531
0	0	0	0	0	0	0	0	2532
0	0	0	0	0	0	0	0	2533
0	0	0	0	0	0	0	0	2534
0	0	0	0	0	0	0	0	2535
0	0	0	0	0	0	0	0	2536
0	0	0	0	0	0	0	0	2537
0	0	0	0	0	0	0	0	2538
0	0	0	0	0	0	0	0	2539
0	0	0	0	0	0	0	0	2540
0	0	0	0	0	0	0	0	2541
0	0	0	0	0	0	0	0	2542
0	0	0	0	0	0	0	0	2543
75	0	0	0	0	0	0	0	2544
204	204	204	204	0	0	204	0	2545
204	204	204	204	0	0	204	75	2546
204	204	204	204	204	0	0	204	2547
204	204	204	204	204	0	204	0	2548
0	204	204	204	75	0	0	204	2549
0	204	204	204	75	0	0	204	2550
0	204	204	204	75	75	75	204	2551
0	204	204	204	0	0	75	75	2552
0	204	204	204	75	0	0	204	2553
0	204	204	204	75	75	75	0	2554
0	204	204	204	75	0	0	0	2555
0	204	204	204	0	75	75	0	2556
0	204	204	204	0	0	75	204	2557
0	75	204	204	0	0	0	0	2558
0	0	0	0	0	0	0	0	2559
0	0	0	0	0	0	0	0	2560
0	0	0	0	0	0	0	0	2561
0	0	0	0	0	0	0	0	2562
0	0	0	0	0	0	0	0	2563
0	0	0	0	0	0	0	0	2564
0	0	0	0	0	0	0	0	2565
0	0	0	0	0	0	0	0	2566
0	0	0	0	0	0	0	0	2567
0	0	0	0	0	0	0	0	2568
0	0	0	0	0	0	0	0	2569
0	0	0	0	0	0	0	0	2570
0	0	0	0	0	0	0	0	2571
204	204	204	204	0	0	0	0	2572
0	0	0	0	0	0	0	0	2573
204	204	204	204	0	0	0	0	2574
0	0	0	0	0	0	0	0	2575
0	0	0	0	0	0	0	0	2576
0	0	0	0	0	0	0	0	2577
0	0	0	0	0	0	0	0	2578
0	0	0	0	0	0	0	0	2579
0	0	0	0	0	0	0	0	2580
0	0	0	0	0	0	0	0	2581
75	0	0	0	0	0	0	0	2582
75	0	0	0	0	0	0	0	2583
75	75	75	75	75	75	75	75	2584
0	0	204	0	0	0	0	0	2585
75	0	0	0	0	0	0	0	2586
75	75	0	0	0	0	0	0	2587
75	75	0	0	0	0	0	0	2588
0	0	0	0	0	0	75	0	2589
0	0	0	0	0	0	0	0	2590
0	0	0	0	0	0	75	0	2591
75	75	75	75	0	0	75	75	2592
75	75	75	75	0	0	0	75	2593
75	75	75	75	0	0	0	75	2594
75	75	75	75	0	0	0	75	2595
75	75	75	75	0	0	0	75	2596
0	0	0	0	75	0	0	0	2597
0	0	0	0	0	0	0	0	2598
0	0	0	0	0	0	0	0	2599
0	0	0	0	0	0	0	0	2600
0	0	0	0	0	0	0	0	2601
75	75	75	75	75	75	75	75	2602
0	0	0	0	0	0	0	0	2603
0	0	0	0	0	0	0	0	2604
0	0	0	0	0	0	0	0	2605
0	0	0	0	0	0	0	0	2606
0	0	0	0	0	0	0	0	2607
0	0	0	0	0	0	0	0	2608
0	0	0	0	0	0	0	0	2609
0	0	0	0	0	0	0	0	2610
0	0	0	0	0	0	0	0	2611
0	0	0	0	0	0	0	0	2612
0	0	0	0	0	0	0	0	2613
0	0	0	0	0	0	0	0	2614
0	0	0	0	0	0	0	0	2615
0	0	0	0	0	0	0	0	2616
0	0	0	0	0	0	0	0	2617
0	0	0	0	0	0	0	0	2618
0	0	0	0	0	0	0	0	2619
0	0	0	0	0	0	0	0	2620
0	0	0	0	0	0	0	0	2621
0	0	0	0	0	0	0	0	2622
0	0	0	0	0	0	0	0	2623
0	0	0	0	0	0	0	0	2624
0	0	0	0	0	0	0	0	2625
0	0	0	0	0	0	0	0	2626
0	0	0	0	0	0	0	0	2627
0	0	0	0	0	0	0	0	2628
0	0	0	0	0	0	0	0	2629
0	0	0	0	0	0	0	0	2630
0	0	0	0	0	0	0	0	2631
0	0	0	0	0	0	0	0	2632
0	0	0	0	0	0	0	0	2633
0	0	0	0	0	0	0	0	2634
0	0	0	0	0	0	0	0	2635
0	0	0	0	0	0	0	0	2636
0	0	0	0	0	0	0	0	2637
0	0	0	0	0	0	0	0	2638
0	0	0	0	0	0	0	0	2639
0	0	0	0	0	0	0	0	2640
0	0	0	0	0	0	0	0	2641
0	0	0	0	0	0	0	0	2642
0	0	0	0	0	0	0	0	2643
0	0	0	0	0	0	0	0	2644
0	0	0	0	0	0	0	0	2645
0	0	0	0	0	0	0	0	2646
0	0	0	0	0	0	0	0	2647
0	0	0	0	0	0	0	0	2648
0	0	0	0	0	0	0	0	2649
0	0	0	0	0	0	0	0	2650
0	0	0	0	0	0	0	0	2651
0	0	0	0	0	0	0	0	2652
0	0	0	0	0	0	0	0	2653
0	0	0	0	0	0	0	0	2654
0	0	0	0	0	0	0	0	2655
0	0	0	0	0	0	0	0	2656
0	0	0	0	0	0	0	0	2657
0	0	0	0	0	0	0	0	2658
0	0	0	0	0	0	0	0	2659
0	0	0	0	0	0	0	0	2660
0	0	0	0	0	0	0	0	2661
0	0	0	0	0	0	0	0	2662
0	0	0	0	0	0	0	0	2663
0	0	0	0	0	0	0	0	2664
0	0	0	0	0	0	0	0	2665
0	0	0	0	0	0	0	0	2666
0	0	0	0	0	0	0	0	2667
0	0	0	0	0	0	0	0	2668
0	0	0	0	0	0	0	0	2669
0	0	0	0	0	0	0	0	2670
0	0	0	0	0	0	0	0	2671
0	0	0	0	0	0	0	0	2672
0	0	0	0	0	0	0	0	2673
0	0	0	0	0	0	0	0	2674
0	0	0	0	0	0	0	0	2675
0	0	0	0	0	0	0	0	2676
0	0	0	0	0	0	0	0	2677
0	0	0	0	0	0	0	0	2678
0	0	0	0	0	0	0	0	2679
0	0	0	0	0	0	0	0	2680
0	0	0	0	0	0	0	0	2681
0	0	0	0	0	0	0	0	2682
0	0	0	0	0	0	0	0	2683
0	0	0	0	0	0	0	0	2684
0	0	0	0	0	0	0	0	2685
0	0	0	0	0	0	0	0	2686
0	0	0	0	0	0	0	0	2687
0	0	0	0	0	0	0	0	2688
0	0	0	0	0	0	0	0	2689
0	0	0	0	0	0	0	0	2690
0	0	0	0	0	0	0	0	2691
0	0	0	0	0	0	0	0	2692
0	0	0	0	0	0	0	0	2693
0	0	0	0	0	0	0	0	2694
0	204	0	0	0	0	0	0	2695
75	75	75	75	75	75	75	75	2696
75	75	75	75	75	75	75	75	2697
75	75	75	75	75	75	75	75	2698
75	75	75	204	0	75	75	75	2699
204	75	75	204	0	0	0	0	2700
75	75	204	204	0	0	0	0	2701
75	75	75	75	75	75	75	75	2702
75	75	75	75	75	75	75	75	2703
75	75	75	75	75	75	75	0	2704
0	0	0	0	0	0	0	0	2705
0	0	0	0	0	0	0	0	2706
0	0	0	0	0	0	0	0	2707
0	0	0	0	0	0	0	0	2708
0	0	0	0	0	0	0	0	2709
0	0	0	0	0	0	0	0	2710
0	0	0	0	0	0	0	0	2711
0	0	0	0	0	0	0	0	2712
0	0	0	0	0	0	0	0	2713
0	0	0	0	0	0	0	0	2714
0	0	0	0	0	0	0	0	2715
0	0	0	0	0	0	0	0	2716
0	0	0	0	0	0	0	0	2717
0	0	0	0	0	0	0	0	2718
0	0	0	0	0	0	0	0	2719
0	0	0	0	0	0	0	0	2720
0	0	0	0	0	0	0	0	2721
0	0	0	0	0	0	0	0	2722
0	0	0	0	0	0	0	0	2723
0	0	0	0	0	0	0	0	2724
0	0	0	0	0	0	0	0	2725
0	0	0	0	0	0	0	0	2726
0	0	0	0	0	0	0	0	2727
0	0	0	0	0	0	0	0	2728
0	0	0	0	0	0	0	0	2729
75	75	75	75	0	0	0	0	2730
0	0	0	0	0	0	0	0	2731
75	75	75	75	75	75	75	75	2732
0	0	0	0	0	0	75	75	2733
0	0	0	0	0	75	75	75	2734
0	0	0	0	0	0	0	0	2735
0	0	0	0	0	0	0	0	2736
0	0	0	0	0	0	0	0	2737
0	0	0	0	0	0	0	0	2738
0	0	0	0	0	0	0	0	2739
0	0	0	0	0	0	0	0	2740
0	0	0	0	0	0	0	0	2741
0	0	0	0	0	0	0	0	2742
0	0	0	0	0	0	0	0	2743
0	0	0	0	0	0	0	0	2744
75	75	75	75	0	204	75	75	2745
0	0	0	0	0	0	0	0	2746
0	0	0	0	0	0	0	0	2747
0	0	0	0	0	0	0	0	2748
0	0	0	0	0	0	0	0	2749
0	0	0	0	0	0	0	0	2750
204	75	75	75	75	75	75	75	2751
0	0	0	0	0	0	0	0	2752
0	0	0	0	0	0	0	0	2753
75	75	75	75	75	75	75	75	2754
0	0	0	0	0	0	0	0	2755
75	75	75	75	75	75	75	75	2756
75	75	75	75	75	75	75	75	2757
75	75	75	75	75	75	75	0	2758
75	75	75	75	75	75	75	204	2759
75	75	75	75	0	75	75	75	2760
0	0	0	0	0	0	0	0	2761
0	0	0	0	0	0	0	0	2762
0	0	0	0	0	0	0	0	2763
75	75	0	0	0	0	0	0	2764
75	75	0	0	0	0	75	0	2765
0	75	0	75	0	0	0	0	2766
0	0	0	0	0	0	0	0	2767
75	75	75	75	75	0	0	75	2768
75	75	75	75	75	75	75	75	2769
0	0	0	75	0	0	0	0	2770
0	0	0	75	0	0	0	0	2771
0	0	0	0	0	0	0	0	2772
75	75	75	75	75	75	0	75	2773
75	75	75	75	75	75	0	75	2774
75	75	75	75	75	0	75	0	2775
0	0	0	0	75	75	0	0	2776
0	0	0	0	0	0	0	0	2777
0	0	0	0	0	75	0	75	2778
0	0	0	0	0	0	0	0	2779
0	0	0	0	0	0	0	0	2780
0	0	0	0	0	0	0	0	2781
0	0	0	0	0	0	0	0	2782
0	0	0	0	0	0	0	0	2783
0	0	0	0	0	0	0	0	2784
0	0	0	0	0	0	0	0	2785
0	0	0	0	0	0	0	0	2786
0	0	0	0	0	0	0	0	2787
0	0	0	0	0	0	75	0	2788
75	0	0	0	0	0	75	0	2789
75	0	0	0	0	0	75	0	2790
0	0	0	0	0	0	0	0	2791
0	0	0	0	0	0	0	0	2792
0	0	0	0	0	0	0	0	2793
0	0	0	0	0	0	0	0	2794
0	0	0	0	0	0	0	0	2795
0	0	0	0	0	0	0	0	2796
0	0	0	0	0	0	0	0	2797
0	0	0	0	0	0	0	0	2798
204	0	75	75	0	0	0	75	2799
0	0	75	0	0	75	0	0	2800
0	0	0	0	75	0	0	0	2801
0	0	0	0	0	0	0	0	2802
0	0	0	0	0	0	0	0	2803
75	75	0	0	0	0	0	0	2804
75	0	0	0	0	0	0	75	2805
0	0	0	0	0	0	0	75	2806
0	75	0	0	0	75	0	0	2807
75	75	75	75	0	0	75	0	2808
75	75	75	75	0	0	75	0	2809
0	75	0	0	0	0	75	0	2810
0	75	75	75	0	0	0	75	2811
0	75	0	0	0	0	75	0	2812
0	0	0	0	0	0	0	0	2813
0	0	0	75	0	0	0	75	2814
0	75	75	75	0	0	75	0	2815
75	75	75	75	0	0	75	0	2816
0	75	0	0	0	0	75	75	2817
0	75	0	0	75	0	75	75	2818
75	0	0	75	204	0	0	75	2819
75	75	0	75	204	0	75	0	2820
0	75	0	0	0	0	0	0	2821
0	75	0	0	0	0	75	0	2822
0	0	0	0	0	0	75	75	2823
0	0	0	0	0	0	0	75	2824
0	0	0	0	0	0	75	75	2825
0	0	0	0	0	0	0	75	2826
0	0	0	75	0	0	0	0	2827
75	0	0	75	204	0	0	0	2828
75	75	0	75	204	0	0	0	2829
0	0	0	0	0	0	0	0	2830
0	0	0	0	0	0	0	0	2831
0	0	0	0	0	0	0	0	2832
0	0	0	0	0	0	0	0	2833
0	0	0	0	0	0	0	0	2834
0	0	0	0	0	0	0	0	2835
0	0	0	0	0	0	0	0	2836
0	0	0	0	0	0	0	0	2837
0	0	0	0	0	0	0	0	2838
0	0	0	0	0	0	0	0	2839
0	0	0	0	0	0	0	0	2840
0	0	0	0	0	0	0	0	2841
0	0	0	0	0	0	0	0	2842
0	0	0	0	0	0	0	0	2843
0	0	0	0	0	0	0	0	2844
0	0	0	0	0	0	0	0	2845
0	0	0	0	0	0	0	0	2846
0	0	0	0	0	0	0	0	2847
0	0	0	0	0	0	0	0	2848
0	0	0	0	0	0	0	0	2849
0	0	0	0	0	0	0	0	2850
0	0	0	0	0	0	0	0	2851
0	0	0	0	0	0	0	0	2852
0	0	0	0	0	0	0	0	2853
0	0	0	0	0	0	0	0	2854
0	0	0	0	0	75	0	0	2855
0	0	0	0	0	75	0	0	2856
0	0	0	0	0	0	0	0	2857
0	0	0	0	0	0	75	0	2858
0	0	0	0	0	0	0	0	2859
0	0	0	0	0	0	0	0	2860
0	0	0	0	0	0	0	0	2861
0	0	0	0	0	0	0	0	2862
0	0	0	0	0	0	0	0	2863
0	0	0	0	0	0	0	0	2864
0	0	0	0	0	0	0	0	2865
0	0	0	0	0	0	0	0	2866
0	0	0	0	0	0	0	0	2867
204	0	0	0	0	0	0	0	2868
0	0	0	75	0	0	0	0	2869
0	0	0	0	0	0	0	0	2870
0	0	0	0	0	0	0	0	2871
0	0	0	0	0	0	0	0	2872
0	0	0	75	0	0	0	0	2873
0	0	0	0	0	0	0	0	2874
0	0	0	0	0	0	0	0	2875
0	0	0	0	0	0	0	0	2876
0	0	0	0	0	0	0	0	2877
0	0	0	75	0	0	0	0	2878
75	75	75	75	75	75	75	75	2879
75	75	75	75	75	75	75	0	2880
75	75	75	75	75	75	75	0	2881
75	0	0	0	0	0	0	0	2882
75	204	204	204	75	75	75	0	2883
0	0	0	0	0	0	0	0	2884
0	0	0	0	0	0	0	0	2885
0	0	0	0	0	0	0	0	2886
0	0	0	0	0	0	0	75	2887
0	0	0	0	0	0	0	0	2888
75	0	0	0	0	0	0	0	2889
0	0	0	0	0	0	0	0	2890
0	0	0	0	0	0	0	0	2891
0	0	0	0	0	0	0	0	2892
0	0	0	0	0	0	0	0	2893
0	0	0	0	0	0	0	75	2894
0	0	0	0	0	0	0	0	2895
0	0	0	0	0	0	0	0	2896
0	0	0	0	0	0	0	0	2897
0	0	0	0	0	0	0	0	2898
0	204	0	204	0	0	0	0	2899
75	75	75	75	75	0	0	75	2900
75	75	75	75	75	0	0	75	2901
0	75	0	75	0	0	0	0	2902
204	204	204	204	0	0	204	75	2903
0	0	0	0	0	0	0	75	2904
0	0	0	0	0	0	0	204	2905
0	0	0	75	75	0	0	0	2906
0	0	0	0	0	0	0	0	2907
75	75	75	75	0	0	0	0	2908
0	0	0	0	0	0	0	0	2909
75	0	0	0	0	0	0	75	2910
75	75	75	75	0	0	0	75	2911
0	75	75	75	0	0	0	75	2912
75	204	75	204	0	0	204	75	2913
0	204	0	0	0	0	0	75	2914
75	0	0	0	0	0	0	75	2915
0	204	0	0	0	0	0	75	2916
0	0	0	0	0	0	0	75	2917
75	75	75	75	0	0	0	0	2918
75	75	75	75	75	75	75	0	2919
0	0	0	0	0	0	0	0	2920
0	0	0	0	0	0	0	0	2921
75	204	75	75	75	75	75	75	2922
0	204	0	75	75	0	75	75	2923
75	75	75	75	75	75	75	0	2924
75	75	75	75	75	75	75	75	2925
0	0	0	0	0	0	0	0	2926
0	0	0	0	0	0	0	0	2927
0	75	0	0	0	0	0	0	2928
0	0	0	0	0	0	0	0	2929
0	0	0	0	0	0	0	0	2930
0	0	0	0	0	0	0	0	2931
75	204	0	0	0	0	0	0	2932
75	0	0	0	0	0	0	0	2933
0	75	75	75	0	0	0	0	2934
75	75	75	75	75	0	0	0	2935
75	75	75	75	0	0	0	0	2936
75	75	75	75	75	0	0	0	2937
75	75	75	75	75	0	0	0	2938
75	75	75	75	75	0	75	75	2939
0	75	75	75	0	0	0	0	2940
0	0	204	0	0	0	0	0	2941
0	75	75	75	0	0	75	204	2942
75	75	75	75	0	0	0	0	2943
75	75	75	75	0	75	75	0	2944
75	75	75	75	0	0	0	0	2945
75	75	75	75	0	75	75	75	2946
75	75	75	75	0	75	75	75	2947
75	0	75	75	0	0	0	75	2948
75	75	75	75	75	75	75	75	2949
75	75	75	75	75	75	75	75	2950
75	75	75	75	75	75	75	75	2951
75	75	75	75	75	75	75	75	2952
75	75	75	75	75	75	75	75	2953
75	75	75	75	75	75	75	0	2954
75	75	75	75	75	75	75	75	2955
75	75	75	75	75	75	75	75	2956
75	75	75	0	0	0	75	0	2957
75	75	75	0	0	0	0	0	2958
75	75	75	75	75	75	75	75	2959
75	75	75	75	75	75	75	75	2960
75	75	75	75	75	75	75	75	2961
75	204	0	75	75	75	75	75	2962
75	75	75	75	75	75	75	75	2963
75	75	75	75	75	75	75	75	2964
75	75	75	75	75	75	75	75	2965
204	204	204	204	75	75	75	204	2966
0	204	204	204	75	75	75	204	2967
75	204	204	204	75	75	0	204	2968
204	204	204	204	75	75	75	204	2969
75	75	204	204	75	75	75	204	2970
75	75	204	204	75	75	75	204	2971
75	75	204	204	75	75	75	75	2972
75	75	204	204	75	75	75	75	2973
75	75	0	204	75	75	0	75	2974
0	0	0	0	0	0	0	0	2975
0	0	0	0	0	0	0	0	2976
75	0	0	0	0	0	0	0	2977
0	0	0	0	0	0	0	0	2978
204	204	204	204	0	0	0	0	2979
0	0	0	0	0	0	0	0	2980
0	0	0	0	0	0	0	0	2981
204	204	204	204	0	204	0	0	2982
204	204	204	204	0	0	0	204	2983
204	204	204	204	0	0	0	0	2984
0	0	0	0	0	0	0	0	2985
0	0	0	0	0	0	0	0	2986
0	0	0	0	0	0	0	0	2987
0	75	0	75	0	0	75	75	2988
204	75	204	75	0	0	0	0	2989
204	75	204	75	0	0	0	0	2990
75	75	0	75	0	0	0	0	2991
204	75	204	75	0	0	0	0	2992
75	75	0	204	0	0	0	0	2993
75	204	204	204	0	0	75	0	2994
75	75	0	0	0	0	0	0	2995
75	75	0	0	0	0	0	0	2996
75	0	0	0	0	0	0	0	2997
75	0	0	0	0	0	0	0	2998
75	75	0	0	0	0	0	0	2999
75	0	0	0	0	0	0	0	3000
75	204	0	0	0	0	0	0	3001
75	0	0	0	0	0	0	0	3002
75	75	75	75	75	75	75	75	3003
75	75	75	75	75	75	75	75	3004
75	75	75	75	75	75	75	75	3005
75	75	75	75	75	75	75	75	3006
75	75	75	75	75	75	75	75	3007
75	75	75	75	75	75	75	75	3008
75	75	75	75	0	75	75	75	3009
75	75	75	75	75	75	75	75	3010
75	75	75	75	75	75	75	75	3011
75	75	75	75	0	75	75	75	3012
75	75	75	75	204	0	0	75	3013
75	75	75	75	204	0	75	75	3014
75	75	75	75	0	0	75	75	3015
75	75	75	75	0	0	75	75	3016
75	75	75	75	0	75	75	75	3017
75	75	75	75	75	75	75	75	3018
75	75	75	75	75	75	75	75	3019
75	75	75	75	75	75	75	75	3020
75	75	75	75	75	75	75	75	3021
75	75	75	75	75	75	75	75	3022
75	75	75	75	75	75	75	75	3023
75	75	75	75	75	75	75	75	3024
75	75	75	75	75	75	75	75	3025
75	75	75	75	75	75	75	75	3026
75	75	75	75	75	75	75	75	3027
75	75	75	75	75	75	75	75	3028
75	75	75	75	75	75	75	75	3029
75	75	75	75	75	75	75	75	3030
75	75	75	75	75	75	75	75	3031
75	75	75	75	75	75	75	75	3032
75	75	75	75	75	75	75	75	3033
75	75	75	75	0	75	75	0	3034
75	75	75	75	75	204	0	0	3035
75	75	0	75	0	0	0	0	3036
75	75	75	0	0	0	0	0	3037
75	75	75	75	0	0	75	75	3038
75	75	75	75	0	0	75	75	3039
75	75	75	75	75	75	75	75	3040
75	75	75	0	0	0	0	0	3041
75	75	75	75	75	75	75	75	3042
75	204	0	75	0	75	75	75	3043
0	0	0	0	0	0	0	0	3044
0	0	0	0	0	0	0	0	3045
204	204	0	204	0	0	0	0	3046
0	0	0	0	0	0	0	0	3047
204	204	0	204	0	0	0	0	3048
204	75	204	204	0	0	0	0	3049
204	204	204	204	0	0	0	0	3050
204	204	0	204	0	0	0	0	3051
75	0	0	0	0	0	75	0	3052
0	0	0	0	0	0	0	0	3053
204	204	204	204	0	0	0	0	3054
204	204	204	204	0	0	0	0	3055
204	75	204	204	0	0	0	0	3056
204	75	204	204	0	0	0	0	3057
204	75	0	0	0	0	0	0	3058
204	75	204	204	0	0	0	0	3059
204	204	204	204	0	0	0	0	3060
0	0	0	0	0	0	0	0	3061
0	0	0	0	0	0	0	0	3062
0	0	0	0	0	0	0	0	3063
0	0	0	0	0	0	0	0	3064
0	0	0	0	0	0	0	0	3065
75	75	75	75	75	75	75	75	3066
0	0	0	0	0	0	0	75	3067
0	0	0	0	0	0	0	0	3068
0	0	0	75	0	0	75	75	3069
75	75	75	75	0	0	75	75	3070
75	75	75	75	75	0	75	75	3071
204	0	0	75	0	0	0	0	3072
75	75	75	75	75	75	75	0	3073
0	0	0	0	0	0	0	0	3074
0	0	0	0	0	0	0	0	3075
0	0	0	0	0	0	0	0	3076
0	0	0	0	0	0	0	0	3077
0	0	0	0	0	0	0	0	3078
0	0	0	0	0	0	0	0	3079
0	0	0	0	0	0	0	0	3080
0	0	0	0	0	0	0	0	3081
0	0	0	0	0	0	0	0	3082
0	0	0	0	0	0	0	0	3083
0	0	0	0	0	0	0	0	3084
0	0	0	0	0	0	0	0	3085
0	0	0	0	0	0	0	0	3086
0	0	0	0	0	0	0	0	3087
0	0	0	0	0	0	0	0	3088
0	0	0	0	0	0	0	0	3089
0	0	0	0	0	0	0	0	3090
0	0	0	0	0	0	0	0	3091
0	0	0	0	0	0	0	0	3092
0	0	0	0	0	0	0	0	3093
0	0	0	0	0	0	0	0	3094
0	0	0	0	0	0	0	0	3095
0	0	0	0	0	0	0	0	3096
0	0	0	0	0	0	0	0	3097
0	0	0	0	0	0	0	0	3098
0	0	0	0	0	0	0	0	3099
0	0	0	0	0	0	0	0	3100
0	0	0	0	0	0	0	0	3101
0	0	0	0	0	0	0	0	3102
0	0	0	0	0	0	0	0	3103
0	0	0	0	0	0	0	0	3104
0	0	0	0	0	0	0	0	3105
0	0	0	0	0	0	0	0	3106
0	0	0	0	0	0	0	0	3107
0	0	0	0	0	0	0	0	3108
0	0	0	0	0	0	0	0	3109
0	0	0	0	0	0	0	0	3110
0	0	0	0	0	0	0	0	3111
0	0	0	0	0	0	0	0	3112
0	0	0	0	0	0	0	0	3113
0	0	0	0	0	0	0	0	3114
0	0	0	0	0	0	0	0	3115
0	0	0	0	0	0	0	0	3116
0	0	0	0	0	0	0	0	3117
0	0	0	0	0	0	0	0	3118
0	0	0	0	0	0	0	0	3119
0	0	0	0	0	0	0	0	3120
0	0	0	0	0	0	0	0	3121
0	0	0	0	0	0	0	0	3122
0	0	0	0	0	0	0	0	3123
0	0	0	0	0	0	0	0	3124
0	0	0	0	0	0	0	0	3125
0	0	0	0	0	0	0	0	3126
0	0	0	0	0	0	75	0	3127
0	0	0	0	0	0	0	75	3128
0	0	0	0	0	0	0	75	3129
0	0	0	0	0	0	0	75	3130
0	0	0	0	0	0	0	0	3131
0	0	0	0	0	0	0	0	3132
0	0	0	0	0	0	0	0	3133
0	0	0	0	0	0	0	0	3134
0	0	0	0	0	0	0	0	3135
0	0	0	0	0	0	0	0	3136
0	0	0	0	0	0	0	0	3137
0	0	0	0	0	0	0	0	3138
0	0	0	0	0	0	0	0	3139
0	0	0	0	0	0	0	0	3140
0	0	0	0	0	0	0	0	3141
0	0	0	0	0	0	0	0	3142
0	0	0	0	0	0	0	0	3143
0	0	0	0	0	0	0	0	3144
0	0	0	0	0	0	0	0	3145
0	0	0	0	0	0	0	0	3146
0	0	0	0	0	0	0	0	3147
0	0	0	0	0	0	0	0	3148
0	0	0	0	0	0	0	0	3149
0	0	0	0	0	0	0	0	3150
0	0	0	0	0	0	0	0	3151
0	0	0	0	0	0	0	0	3152
0	0	0	0	0	0	0	0	3153
0	0	0	0	0	0	0	0	3154
0	0	0	0	0	0	0	0	3155
0	0	0	0	0	0	0	0	3156
0	0	0	0	0	0	0	0	3157
0	0	0	0	0	0	0	0	3158
0	0	0	0	0	0	0	0	3159
0	0	0	0	0	0	0	0	3160
0	0	0	0	0	0	0	0	3161
0	0	0	0	0	0	0	0	3162
0	0	0	0	0	0	0	0	3163
0	0	0	0	0	0	0	0	3164
0	0	0	0	0	0	0	0	3165
0	0	0	0	0	0	0	0	3166
0	0	0	0	0	0	0	0	3167
0	0	0	0	0	0	75	0	3168
0	0	0	0	0	0	0	0	3169
0	0	0	0	0	0	0	75	3170
0	0	0	0	0	0	0	0	3171
0	0	0	0	0	0	0	0	3172
0	0	0	0	0	0	0	0	3173
0	0	0	0	0	0	0	0	3174
0	0	0	0	0	0	0	0	3175
0	0	0	0	0	0	0	0	3176
0	0	0	0	0	0	0	0	3177
0	0	0	0	0	0	0	0	3178
0	0	0	0	0	0	0	0	3179
0	0	0	0	0	0	0	0	3180
0	0	0	0	0	0	0	0	3181
0	0	0	0	0	0	0	0	3182
0	0	0	0	0	0	0	0	3183
0	0	0	0	0	0	0	0	3184
0	0	0	0	0	0	0	0	3185
0	0	0	0	0	0	0	0	3186
0	0	0	0	0	0	0	0	3187
0	0	0	0	0	0	0	0	3188
0	0	0	0	0	0	0	0	3189
0	0	0	0	0	0	0	0	3190
0	0	0	0	0	0	0	0	3191
0	0	0	0	0	0	0	0	3192
0	0	0	0	0	0	0	0	3193
0	0	0	0	0	0	0	0	3194
0	0	0	0	0	0	0	0	3195
0	0	0	0	0	0	0	0	3196
0	0	0	0	0	0	0	0	3197
0	0	0	0	0	0	0	0	3198
0	0	0	0	0	0	0	0	3199
0	0	0	0	0	0	0	0	3200
0	0	0	0	0	0	0	0	3201
0	0	0	0	0	0	0	0	3202
0	0	0	0	0	0	0	0	3203
0	0	0	0	0	0	0	0	3204
0	0	0	0	0	0	0	0	3205
0	0	0	0	0	0	0	0	3206
0	0	0	0	0	0	0	0	3207
0	0	0	0	0	0	0	0	3208
0	0	0	0	0	0	0	0	3209
0	0	0	0	0	0	0	0	3210
0	0	0	0	0	0	0	0	3211
0	0	0	0	0	0	0	0	3212
0	0	0	0	0	0	0	0	3213
0	0	0	0	0	0	0	0	3214
0	0	0	0	0	0	0	0	3215
0	0	0	0	0	0	0	0	3216
0	0	0	0	0	0	0	0	3217
0	0	0	0	0	0	0	0	3218
0	0	0	0	0	0	0	0	3219
0	0	0	0	0	0	0	0	3220
0	0	0	0	0	0	0	0	3221
0	0	0	0	0	0	0	0	3222
0	0	0	0	0	0	0	0	3223
0	0	0	0	0	0	0	0	3224
0	0	0	0	0	0	0	0	3225
0	0	0	0	0	0	0	0	3226
0	0	0	0	0	0	0	0	3227
0	0	0	0	0	0	0	204	3228
0	0	0	0	0	0	0	0	3229
0	0	0	0	0	0	0	0	3230
0	0	0	0	0	0	0	0	3231
0	0	0	0	0	0	0	0	3232
0	0	0	0	0	0	0	0	3233
0	0	0	0	0	0	75	75	3234
0	0	0	0	0	0	0	0	3235
75	75	0	0	0	0	0	0	3236
75	75	75	75	75	75	75	75	3237
75	75	75	75	75	75	75	75	3238
75	75	75	75	75	75	75	75	3239
75	75	75	75	75	204	75	75	3240
75	204	204	204	0	0	0	0	3241
75	75	75	75	0	75	75	0	3242
75	75	75	75	0	75	75	204	3243
75	75	75	75	0	75	0	0	3244
204	75	75	0	0	0	0	0	3245
75	75	75	75	0	0	0	0	3246
75	0	75	0	0	0	0	0	3247
204	75	75	75	75	75	75	75	3248
75	0	0	204	0	0	0	0	3249
75	0	0	204	0	0	0	0	3250
75	75	0	204	0	0	0	0	3251
75	204	204	204	0	0	0	0	3252
75	75	75	75	75	75	75	75	3253
0	204	204	0	0	0	0	0	3254
204	0	0	0	0	0	0	0	3255
0	0	0	0	0	0	0	0	3256
0	0	0	0	0	0	0	75	3257
0	0	0	0	0	0	0	0	3258
0	0	0	0	0	0	204	0	3259
0	0	0	0	0	0	0	0	3260
0	0	0	0	0	0	0	0	3261
0	0	0	0	0	0	0	0	3262
0	0	0	0	0	0	0	0	3263
0	0	0	0	0	0	0	0	3264
0	0	0	0	0	0	0	0	3265
0	0	0	0	0	0	0	0	3266
0	0	75	0	0	0	0	75	3267
0	0	0	0	0	0	0	75	3268
0	0	0	0	0	0	0	75	3269
0	0	0	0	0	0	0	75	3270
0	0	0	0	0	0	0	0	3271
75	75	75	75	75	75	75	75	3272
75	75	75	75	75	75	0	0	3273
0	0	0	0	0	0	0	0	3274
0	0	0	0	0	0	75	0	3275
75	0	0	0	0	75	75	0	3276
75	0	0	0	0	75	0	0	3277
0	0	0	0	0	0	0	0	3278
0	0	0	0	0	0	0	0	3279
0	0	0	0	0	0	0	0	3280
0	0	0	0	0	0	0	0	3281
0	0	0	0	0	0	0	0	3282
75	75	75	0	75	75	75	75	3283
75	75	75	75	75	0	75	75	3284
0	0	0	0	0	0	0	0	3285
204	204	204	204	0	0	0	0	3286
0	0	0	0	0	0	0	0	3287
0	0	0	0	0	0	0	0	3288
0	0	0	0	0	0	0	0	3289
0	0	0	0	0	0	0	0	3290
0	0	0	0	0	0	0	0	3291
0	0	0	0	0	0	0	0	3292
0	0	0	0	0	0	0	0	3293
0	0	0	0	0	0	0	0	3294
0	0	0	0	0	0	0	0	3295
0	0	0	0	0	0	0	0	3296
0	0	0	0	0	0	0	0	3297
0	0	0	0	0	0	0	0	3298
0	0	0	0	0	0	0	0	3299
0	0	0	0	0	0	0	0	3300
0	0	0	0	0	0	0	0	3301
0	0	0	0	0	0	0	0	3302
0	0	0	0	0	0	0	0	3303
0	0	0	0	0	0	0	0	3304
0	0	0	0	0	0	0	0	3305
0	0	0	0	0	0	0	0	3306
0	0	0	0	0	0	0	0	3307
0	0	0	0	0	0	0	0	3308
0	0	0	0	0	0	0	0	3309
0	0	0	0	0	0	0	0	3310
75	75	75	75	75	75	75	75	3311
75	75	75	75	75	75	75	0	3312
75	75	75	75	75	75	75	75	3313
75	75	75	75	75	75	75	75	3314
75	75	75	75	75	0	75	75	3315
75	75	75	75	75	75	75	75	3316
75	75	75	75	75	75	75	75	3317
0	0	0	0	204	0	0	0	3318
75	75	75	0	0	0	75	0	3319
75	75	75	75	0	0	75	75	3320
0	0	0	0	0	0	75	0	3321
0	0	0	0	0	0	0	0	3322
204	75	0	204	204	0	75	0	3323
0	0	0	0	0	0	0	75	3324
204	204	204	204	0	0	75	75	3325
75	75	75	0	0	0	0	204	3326
204	204	204	204	0	0	75	75	3327
204	204	204	204	0	0	75	75	3328
204	204	204	204	0	0	75	75	3329
204	204	204	204	0	0	75	75	3330
204	204	75	204	204	0	75	75	3331
204	204	204	204	0	0	75	75	3332
75	204	0	204	0	0	0	0	3333
75	204	0	204	0	0	0	0	3334
204	204	204	204	75	75	75	75	3335
204	204	204	204	0	0	0	204	3336
75	75	75	75	0	75	75	75	3337
204	204	204	204	204	0	75	75	3338
204	204	204	204	0	0	75	75	3339
204	204	204	204	75	0	0	75	3340
0	0	0	0	0	0	0	0	3341
75	75	75	75	0	75	75	0	3342
75	75	75	75	75	75	75	0	3343
75	204	204	204	75	0	75	75	3344
204	204	204	204	75	75	75	75	3345
75	204	204	204	75	75	75	75	3346
0	0	0	204	0	0	0	0	3347
0	0	0	0	0	0	0	0	3348
0	0	0	204	0	0	0	0	3349
0	0	0	0	0	0	75	75	3350
0	0	0	0	75	75	75	75	3351
0	0	0	0	0	0	0	0	3352
0	0	0	0	0	0	0	0	3353
0	0	0	0	0	0	0	0	3354
0	0	0	0	0	0	0	0	3355
0	0	0	0	0	0	0	0	3356
0	0	0	0	0	0	0	0	3357
0	0	0	0	0	0	0	0	3358
0	0	0	0	0	0	0	0	3359
0	0	0	0	0	0	0	0	3360
0	0	0	0	0	0	0	0	3361
0	0	0	0	0	0	0	0	3362
0	0	0	0	0	0	0	0	3363
0	0	0	0	0	0	0	0	3364
0	0	0	0	0	0	0	0	3365
0	0	0	0	0	0	0	0	3366
0	0	0	0	0	0	0	0	3367
0	0	0	0	0	0	0	0	3368
0	0	0	0	0	0	0	0	3369
0	0	0	0	0	0	0	0	3370
75	204	75	204	204	0	204	75	3371
0	0	0	0	0	0	0	0	3372
204	204	204	204	75	75	75	75	3373
0	0	0	0	0	0	75	0	3374
204	204	204	204	75	75	75	75	3375
204	204	0	204	0	0	0	0	3376
204	204	204	204	0	0	0	0	3377
204	204	204	204	75	0	75	75	3378
0	0	0	0	0	0	0	0	3379
204	204	204	204	75	204	75	75	3380
0	0	0	0	0	75	75	75	3381
204	204	0	0	0	0	0	0	3382
0	0	0	0	0	0	0	0	3383
204	0	0	0	0	0	0	0	3384
204	0	0	0	0	0	0	0	3385
0	0	0	0	0	0	0	0	3386
0	0	0	0	0	0	0	0	3387
0	0	0	0	0	0	0	0	3388
0	0	0	0	0	0	0	0	3389
204	204	204	204	0	0	0	204	3390
0	204	204	204	75	75	75	75	3391
204	204	204	204	75	0	75	75	3392
0	0	75	0	75	0	0	204	3393
0	204	204	0	0	0	0	0	3394
204	204	204	204	75	0	0	204	3395
204	204	204	204	0	75	0	0	3396
0	0	0	0	0	0	0	0	3397
0	0	0	0	0	0	0	0	3398
204	75	0	204	0	0	0	0	3399
204	204	204	204	0	0	0	75	3400
204	204	204	204	75	0	0	75	3401
204	204	204	204	0	0	0	75	3402
0	0	0	0	0	0	0	75	3403
0	75	75	0	204	0	0	0	3404
0	0	0	0	0	0	0	204	3405
0	0	75	0	0	0	0	0	3406
0	0	0	0	0	0	0	0	3407
0	0	75	75	0	0	0	0	3408
0	75	75	75	0	0	0	0	3409
75	75	75	75	75	75	75	75	3410
75	75	204	0	0	75	0	75	3411
75	75	75	75	75	75	75	75	3412
75	75	75	75	75	75	75	75	3413
75	204	75	75	75	75	75	75	3414
0	75	75	75	75	75	75	75	3415
75	75	75	75	75	75	75	75	3416
75	75	75	75	75	75	75	75	3417
75	75	75	75	75	75	75	75	3418
0	0	0	0	0	0	0	0	3419
0	0	0	0	0	0	0	0	3420
0	0	0	0	0	0	0	0	3421
0	0	0	0	0	0	0	0	3422
0	0	0	0	0	0	0	0	3423
0	0	0	0	0	0	0	0	3424
0	0	0	0	0	0	0	0	3425
0	0	0	0	0	0	0	0	3426
0	0	0	0	0	0	0	0	3427
0	0	0	0	0	0	0	0	3428
0	75	0	0	75	204	75	75	3429
0	75	0	0	75	204	75	0	3430
204	204	204	204	0	0	0	0	3431
204	204	204	204	0	0	0	0	3432
204	204	204	0	0	0	0	0	3433
0	0	0	0	0	0	0	0	3434
204	204	204	204	0	0	0	0	3435
204	204	204	204	0	0	0	0	3436
204	204	204	0	0	0	0	0	3437
204	75	0	0	0	0	0	0	3438
75	75	75	204	0	0	0	75	3439
0	75	204	0	0	0	0	0	3440
75	75	204	75	0	0	0	75	3441
0	204	204	204	75	0	0	75	3442
0	0	204	204	0	0	0	0	3443
0	204	0	0	0	0	0	75	3444
0	204	204	0	0	0	0	75	3445
0	204	204	0	0	0	0	75	3446
0	0	0	0	0	0	0	0	3447
75	0	0	0	0	0	0	0	3448
75	0	0	0	0	0	0	0	3449
75	0	0	0	0	0	0	0	3450
0	0	0	0	0	0	0	0	3451
0	0	0	204	0	0	0	0	3452
0	0	0	204	0	0	0	0	3453
0	0	0	204	0	0	0	0	3454
0	0	0	0	0	0	0	0	3455
75	0	0	0	0	0	0	0	3456
0	0	0	0	0	0	0	0	3457
75	0	0	0	0	0	0	0	3458
0	0	0	0	0	0	0	0	3459
0	0	0	0	0	0	0	0	3460
0	0	0	0	0	0	0	0	3461
0	0	0	0	0	0	0	0	3462
0	0	0	0	0	0	0	0	3463
0	0	0	0	0	0	0	0	3464
0	0	0	0	0	0	0	0	3465
0	0	0	0	0	0	0	0	3466
0	0	0	0	0	0	0	0	3467
0	0	0	0	0	0	0	0	3468
0	0	0	0	0	0	0	0	3469
0	0	0	0	0	0	0	0	3470
0	0	0	0	0	0	0	0	3471
0	0	0	0	0	0	0	0	3472
75	75	0	0	0	0	0	0	3473
75	75	0	0	0	0	0	0	3474
75	0	0	0	0	0	0	0	3475
0	0	0	0	0	0	0	0	3476
0	0	0	0	0	0	0	0	3477
0	0	0	0	0	0	0	0	3478
0	0	0	0	0	0	75	0	3479
0	0	0	0	0	0	75	0	3480
0	0	0	0	0	0	75	0	3481
0	0	0	0	0	0	0	0	3482
0	0	0	0	0	0	0	0	3483
0	0	0	0	75	0	0	0	3484
0	0	0	75	0	0	0	0	3485
0	0	0	0	0	0	0	0	3486
0	0	0	0	0	0	0	0	3487
0	0	0	0	0	0	0	0	3488
0	0	0	0	0	0	75	0	3489
75	75	0	0	0	75	0	75	3490
0	0	0	0	0	0	0	0	3491
75	75	75	75	0	0	75	75	3492
0	0	0	0	0	0	75	75	3493
0	0	0	0	0	0	0	0	3494
0	0	0	0	0	0	0	0	3495
0	0	0	0	0	0	0	0	3496
0	0	0	0	0	0	0	0	3497
0	0	0	0	0	0	0	0	3498
0	0	0	0	0	0	0	0	3499
0	0	0	0	0	0	0	0	3500
0	0	0	0	0	0	0	0	3501
0	0	0	0	0	0	0	0	3502
0	0	0	0	0	0	0	0	3503
75	75	75	75	75	0	75	75	3504
0	0	0	0	0	0	0	0	3505
0	0	0	0	0	0	0	0	3506
0	0	0	0	0	0	0	0	3507
0	0	0	0	0	0	0	0	3508
0	0	0	0	0	0	0	0	3509
0	0	0	0	0	0	0	0	3510
0	0	0	0	0	0	0	0	3511
0	0	0	0	0	0	0	0	3512
0	0	0	0	0	0	0	0	3513
0	0	0	0	0	0	0	0	3514
0	0	0	0	0	0	0	0	3515
0	0	0	0	0	0	0	0	3516
0	0	0	0	0	0	0	0	3517
0	0	0	0	0	0	0	0	3518
0	0	0	0	0	0	0	0	3519
0	0	0	0	0	0	0	0	3520
0	0	0	0	0	0	0	0	3521
0	0	0	0	0	0	0	0	3522
0	0	0	0	0	0	0	0	3523
0	0	0	0	0	0	0	0	3524
0	0	0	0	0	0	0	0	3525
0	0	0	0	0	0	0	0	3526
0	0	0	0	0	0	0	0	3527
0	0	0	0	0	0	0	0	3528
0	0	0	0	0	0	0	0	3529
0	0	0	0	0	0	0	0	3530
0	0	0	0	0	0	0	0	3531
0	0	0	0	0	0	0	0	3532
0	0	0	0	0	0	0	0	3533
0	0	0	0	0	0	0	0	3534
0	0	0	0	0	0	0	0	3535
0	0	0	0	0	0	0	0	3536
0	0	0	0	0	0	0	0	3537
0	0	0	0	0	0	0	0	3538
0	0	0	0	0	0	0	0	3539
0	0	0	0	0	0	0	0	3540
0	0	0	0	0	0	0	0	3541
0	0	0	0	0	0	0	0	3542
0	0	0	0	0	0	0	0	3543
0	0	0	0	0	0	0	0	3544
0	0	0	0	0	0	0	0	3545
0	0	0	0	0	0	0	0	3546
0	0	0	0	0	0	0	0	3547
0	0	0	0	0	0	0	0	3548
0	0	0	0	0	0	0	0	3549
0	0	0	0	0	0	0	0	3550
0	0	0	0	0	0	0	0	3551
75	75	0	75	0	0	75	0	3552
0	0	0	0	0	0	0	0	3553
0	0	0	0	0	0	75	0	3554
0	0	0	0	0	0	0	0	3555
0	0	0	0	0	0	204	0	3556
0	0	0	75	0	0	204	0	3557
0	0	0	75	0	0	204	0	3558
0	0	0	0	0	0	0	0	3559
0	0	204	75	0	0	0	0	3560
0	0	0	0	0	0	75	0	3561
0	0	0	0	0	0	75	0	3562
0	0	204	0	0	0	75	0	3563
0	0	0	204	0	0	0	0	3564
0	0	0	0	0	0	0	0	3565
0	0	0	0	0	0	0	0	3566
0	0	0	0	0	0	0	0	3567
0	0	0	0	0	0	0	0	3568
0	0	0	0	0	0	0	0	3569
0	0	0	0	0	0	0	0	3570
0	0	0	0	0	0	0	0	3571
0	0	0	0	0	0	0	0	3572
0	0	0	0	0	0	0	0	3573
0	0	0	0	0	0	0	0	3574
0	0	0	0	0	0	0	0	3575
0	0	0	0	0	0	0	0	3576
0	0	0	204	0	0	0	0	3577
0	0	0	0	0	0	0	0	3578
0	0	0	75	75	75	0	0	3579
0	0	0	75	0	75	0	0	3580
0	75	0	75	0	75	0	75	3581
0	0	0	75	0	75	75	75	3582
0	0	0	75	0	75	75	75	3583
0	0	0	0	0	75	0	0	3584
75	0	0	0	75	75	75	0	3585
0	0	0	0	75	75	75	75	3586
0	0	75	0	0	75	0	0	3587
0	0	0	0	75	0	0	0	3588
0	0	0	0	0	0	0	0	3589
0	0	75	0	0	0	75	0	3590
0	75	0	0	0	0	0	0	3591
0	0	0	0	0	0	0	0	3592
0	0	0	0	0	0	0	0	3593
0	0	0	0	0	0	0	0	3594
0	0	0	0	0	0	0	0	3595
204	204	75	204	75	0	75	204	3596
204	204	204	204	75	0	75	204	3597
204	204	204	204	75	0	75	75	3598
204	204	75	204	75	0	75	75	3599
204	204	75	204	75	0	75	75	3600
204	204	204	204	75	0	75	75	3601
204	0	0	204	0	0	0	0	3602
0	0	0	0	0	0	0	0	3603
0	0	0	0	204	0	0	0	3604
0	0	0	0	0	0	0	0	3605
75	75	75	75	75	0	0	75	3606
0	75	75	75	0	75	75	75	3607
0	0	0	0	0	0	0	0	3608
0	0	0	0	0	0	0	0	3609
0	0	0	0	0	0	0	0	3610
0	0	0	0	0	0	0	0	3611
0	0	0	0	0	0	0	0	3612
0	0	0	0	0	0	0	0	3613
0	0	0	0	0	0	0	0	3614
0	0	0	0	0	0	0	0	3615
0	0	0	0	0	0	0	75	3616
0	0	0	0	0	0	0	75	3617
0	0	0	0	0	0	0	0	3618
0	0	0	0	0	0	0	0	3619
0	0	0	0	0	0	0	0	3620
0	0	0	0	0	0	0	0	3621
0	0	0	0	0	0	0	0	3622
0	0	0	0	0	0	0	0	3623
0	0	0	0	0	0	0	0	3624
0	0	0	0	0	0	0	0	3625
0	0	0	0	0	0	0	0	3626
0	0	0	0	0	0	0	0	3627
0	0	0	0	0	0	0	0	3628
0	0	0	0	0	0	0	0	3629
0	0	0	0	0	0	0	0	3630
204	204	204	0	0	0	0	75	3631
204	204	204	0	0	0	0	75	3632
0	204	0	0	0	0	0	75	3633
204	204	204	0	0	0	0	75	3634
204	204	0	0	0	0	75	0	3635
0	204	204	0	0	0	0	204	3636
0	204	204	0	0	0	75	75	3637
0	204	204	0	0	0	75	0	3638
0	204	0	0	0	0	0	0	3639
0	204	204	0	0	0	75	75	3640
0	204	204	0	75	0	75	75	3641
0	204	204	0	75	0	75	75	3642
0	204	204	0	75	0	75	75	3643
0	204	204	0	0	75	75	75	3644
0	204	204	0	0	0	75	75	3645
0	204	204	0	0	0	75	75	3646
0	204	204	0	0	0	75	75	3647
0	75	0	0	0	0	0	0	3648
204	204	0	0	0	0	0	0	3649
0	204	0	0	0	0	0	0	3650
0	75	0	0	0	0	0	0	3651
204	75	0	0	0	0	0	0	3652
0	204	0	0	0	0	0	0	3653
0	204	0	0	0	0	0	0	3654
0	0	0	0	0	0	0	0	3655
0	204	0	0	0	0	0	0	3656
0	204	0	0	0	0	0	0	3657
0	204	0	0	0	0	0	0	3658
0	0	0	0	0	0	0	0	3659
0	0	0	0	0	0	0	0	3660
75	75	75	75	75	75	75	75	3661
75	75	75	75	75	0	75	75	3662
75	75	75	75	0	0	75	75	3663
75	75	75	75	0	0	75	75	3664
0	75	75	75	75	75	75	0	3665
75	75	75	75	0	75	75	0	3666
75	75	75	75	0	75	75	0	3667
75	75	75	75	0	204	75	0	3668
75	75	75	75	0	0	75	0	3669
75	75	75	75	0	75	75	75	3670
75	75	75	75	75	75	75	75	3671
75	75	75	75	75	0	0	75	3672
75	75	75	75	75	75	75	75	3673
75	75	75	75	75	75	75	75	3674
0	0	0	0	0	0	0	0	3675
0	75	75	204	0	0	75	75	3676
0	204	75	204	75	75	75	75	3677
75	75	75	204	0	0	75	75	3678
204	75	75	204	75	75	75	75	3679
75	75	75	204	75	75	75	0	3680
204	204	75	204	75	75	75	75	3681
0	75	75	204	75	75	75	75	3682
204	75	204	204	75	75	75	75	3683
0	0	0	0	0	0	0	0	3684
0	75	204	204	0	0	0	75	3685
0	75	75	204	0	75	75	75	3686
0	75	75	204	75	75	75	75	3687
0	0	75	204	75	75	75	204	3688
204	204	75	204	75	75	75	204	3689
0	204	204	204	75	0	0	204	3690
204	204	75	204	75	0	75	204	3691
0	75	75	204	75	75	75	75	3692
204	204	204	204	75	0	75	204	3693
204	204	75	204	75	0	0	204	3694
204	204	204	204	0	0	0	204	3695
204	204	204	204	0	0	0	75	3696
75	204	0	204	0	0	0	75	3697
204	75	204	204	75	75	75	204	3698
204	204	204	204	75	75	75	204	3699
0	204	75	204	75	75	75	75	3700
0	204	204	204	75	75	75	204	3701
0	0	0	0	0	0	0	0	3702
0	0	0	0	0	0	0	0	3703
0	0	0	0	0	0	0	0	3704
0	0	0	0	0	0	0	0	3705
0	75	75	0	0	0	0	75	3706
0	0	75	0	0	0	0	75	3707
0	75	204	0	0	0	0	75	3708
0	75	75	0	0	0	0	75	3709
75	75	75	0	0	0	0	75	3710
75	75	75	0	0	0	0	0	3711
0	204	75	0	0	0	0	75	3712
75	75	75	75	204	0	75	75	3713
204	75	75	75	204	0	75	75	3714
75	75	75	75	204	0	75	75	3715
75	75	75	75	204	0	75	75	3716
204	75	75	75	204	0	75	75	3717
204	75	75	75	204	0	75	75	3718
204	75	75	75	204	0	75	75	3719
0	75	75	75	204	0	75	75	3720
75	75	75	75	204	0	0	75	3721
204	75	75	75	0	0	75	75	3722
204	75	75	75	204	0	75	75	3723
75	75	75	75	204	0	75	75	3724
204	75	75	75	204	0	75	75	3725
75	75	75	75	0	0	75	75	3726
0	204	204	204	0	0	75	75	3727
0	204	204	204	0	0	75	75	3728
0	204	204	204	0	0	75	75	3729
0	204	204	204	0	0	75	75	3730
204	204	204	204	0	0	75	75	3731
204	204	204	204	0	0	75	75	3732
204	204	204	204	75	0	75	75	3733
204	204	204	204	75	0	75	75	3734
204	204	204	204	75	0	75	75	3735
204	204	204	204	75	0	75	204	3736
204	204	204	204	75	0	75	204	3737
204	204	204	204	75	0	75	75	3738
0	75	0	204	0	0	0	75	3739
204	75	75	204	204	0	0	75	3740
204	204	204	204	75	0	75	204	3741
204	204	204	204	75	0	75	75	3742
204	204	204	204	75	0	75	75	3743
204	204	204	204	0	0	75	75	3744
0	204	204	204	0	0	75	75	3745
204	204	204	204	0	0	75	75	3746
204	204	204	204	0	0	75	75	3747
204	204	204	204	0	0	75	75	3748
204	204	204	204	0	0	0	75	3749
204	204	204	204	0	0	0	75	3750
204	204	204	204	0	0	75	75	3751
0	0	0	0	0	0	0	0	3752
0	0	0	0	0	0	0	0	3753
0	0	0	0	0	0	0	0	3754
204	204	204	204	0	0	204	0	3755
204	204	204	204	75	75	75	204	3756
75	204	204	204	75	75	0	75	3757
75	75	75	75	75	75	0	75	3758
75	204	204	204	75	0	75	75	3759
204	204	204	204	75	0	75	75	3760
75	204	204	204	75	75	75	204	3761
0	0	0	0	0	0	0	0	3762
0	0	0	0	0	0	0	0	3763
204	75	204	204	0	0	0	0	3764
75	204	204	204	0	0	0	204	3765
0	0	0	0	0	0	0	0	3766
0	0	0	0	0	0	0	0	3767
204	204	0	204	0	0	0	0	3768
204	0	0	204	0	0	0	75	3769
204	75	204	204	0	0	0	0	3770
204	204	204	204	0	0	0	0	3771
75	0	0	0	0	0	75	0	3772
0	0	0	0	0	0	0	0	3773
204	204	204	204	0	0	0	0	3774
204	204	204	204	0	0	0	0	3775
204	204	204	204	0	0	0	0	3776
204	75	204	204	0	0	0	0	3777
204	204	0	0	0	0	0	0	3778
204	0	204	0	0	0	0	0	3779
204	204	204	204	0	0	0	0	3780
0	0	0	0	0	0	0	0	3781
75	204	0	0	0	0	0	0	3782
0	0	0	0	0	0	0	0	3783
204	204	0	204	0	0	0	0	3784
204	204	204	204	0	0	204	75	3785
204	204	204	204	0	0	0	204	3786
75	75	0	0	0	0	0	0	3787
75	75	0	0	0	0	0	0	3788
75	0	0	0	0	0	75	0	3789
75	0	0	0	0	0	0	0	3790
75	75	0	0	0	0	0	0	3791
0	75	75	0	0	0	0	0	3792
75	0	75	0	0	0	0	0	3793
0	0	0	0	0	0	0	0	3794
0	0	0	0	0	0	0	0	3795
75	75	75	75	75	75	75	75	3796
0	0	0	0	0	0	0	0	3797
75	75	0	0	0	0	0	0	3798
75	0	0	0	0	75	75	0	3799
75	75	75	75	75	75	75	0	3800
75	75	75	75	75	75	75	75	3801
75	75	75	75	75	75	75	75	3802
75	75	75	75	75	0	75	75	3803
0	0	0	75	0	0	0	0	3804
75	0	75	75	0	0	0	204	3805
0	0	0	75	0	0	0	0	3806
0	0	75	0	75	0	0	0	3807
75	0	0	0	0	0	0	75	3808
0	0	0	0	0	0	0	0	3809
204	0	0	0	0	0	0	0	3810
0	0	0	0	0	0	0	0	3811
0	0	0	0	0	0	0	0	3812
204	204	204	204	0	0	0	0	3813
204	204	204	0	0	0	0	0	3814
204	0	0	0	0	0	0	0	3815
204	204	204	204	0	0	0	0	3816
204	204	204	0	0	0	0	0	3817
0	0	0	0	0	0	0	0	3818
0	0	0	0	0	0	0	0	3819
0	0	0	0	0	0	0	0	3820
75	0	0	0	0	75	0	0	3821
0	0	0	0	0	0	0	0	3822
0	204	0	0	0	0	0	0	3823
0	0	0	0	0	0	0	0	3824
0	0	0	0	0	75	0	0	3825
75	0	75	0	75	75	0	0	3826
75	75	75	75	75	75	0	75	3827
75	75	75	75	75	75	75	0	3828
75	75	0	0	0	0	0	0	3829
75	0	0	0	0	0	0	75	3830
0	0	0	0	0	0	0	0	3831
0	0	0	0	0	0	75	0	3832
0	0	0	0	0	0	0	0	3833
0	0	0	0	0	0	75	75	3834
0	0	0	0	0	0	0	0	3835
0	0	0	0	0	0	0	0	3836
0	0	0	0	0	0	0	0	3837
0	0	0	0	0	0	0	0	3838
0	0	0	0	0	0	0	0	3839
0	0	0	0	0	0	0	0	3840
0	0	0	0	0	0	0	0	3841
0	0	0	0	0	0	0	0	3842
0	0	0	0	0	0	0	0	3843
204	0	204	0	0	0	0	0	3844
75	75	75	75	75	0	75	75	3845
75	75	75	75	75	75	0	0	3846
75	75	75	75	75	0	75	75	3847
75	75	75	75	75	0	0	75	3848
75	75	75	75	75	75	75	75	3849
75	75	75	75	75	75	75	75	3850
0	75	0	75	75	75	75	75	3851
75	75	75	75	0	75	75	75	3852
75	75	75	75	0	75	75	75	3853
75	75	75	75	0	75	75	75	3854
75	75	75	75	0	75	75	75	3855
75	75	75	75	0	75	75	75	3856
0	0	0	0	0	0	0	0	3857
0	0	0	0	0	0	0	0	3858
0	0	0	0	0	0	0	0	3859
0	0	0	0	0	0	0	0	3860
0	0	0	0	0	0	75	0	3861
0	0	0	0	0	0	75	0	3862
0	0	0	0	0	0	0	0	3863
0	0	0	0	0	0	0	0	3864
0	0	0	0	0	0	0	0	3865
0	0	0	0	0	0	0	0	3866
0	0	0	0	0	0	0	0	3867
0	0	0	0	0	0	75	75	3868
0	0	0	0	0	0	75	0	3869
75	75	75	75	75	75	75	75	3870
0	0	0	0	75	0	0	0	3871
75	75	75	75	75	75	75	75	3872
75	75	75	75	75	75	75	75	3873
75	75	75	75	75	75	75	75	3874
75	75	75	75	75	75	75	75	3875
75	75	75	75	75	75	75	75	3876
0	0	0	0	0	0	0	0	3877
0	0	0	0	0	0	0	0	3878
0	0	0	0	0	0	0	0	3879
0	0	0	0	0	0	0	0	3880
0	0	0	0	0	0	0	0	3881
0	0	0	0	0	75	75	75	3882
0	0	0	0	0	0	0	0	3883
0	0	0	0	0	0	0	0	3884
0	0	0	0	0	0	0	0	3885
0	0	0	0	0	0	75	75	3886
0	0	0	0	0	0	75	75	3887
0	0	75	0	75	0	0	75	3888
0	0	0	0	75	0	0	0	3889
0	0	75	75	0	0	75	75	3890
0	0	75	75	0	0	75	75	3891
0	0	0	0	0	0	0	0	3892
0	0	0	0	0	0	0	75	3893
0	0	0	0	0	0	0	0	3894
0	0	0	0	0	0	0	0	3895
0	0	0	0	0	0	0	0	3896
0	0	0	0	0	0	0	0	3897
0	0	0	0	0	0	0	0	3898
0	0	0	0	0	0	0	0	3899
0	0	204	0	0	0	0	0	3900
0	0	0	0	0	0	0	0	3901
0	0	0	0	0	0	0	0	3902
0	0	0	0	0	0	0	0	3903
0	0	0	0	0	0	0	0	3904
0	0	0	0	0	0	0	0	3905
75	204	204	204	0	0	75	0	3906
75	204	204	204	0	0	0	0	3907
75	75	75	75	75	0	75	0	3908
75	75	75	75	75	0	75	0	3909
75	75	75	75	75	75	75	0	3910
75	75	75	75	75	75	75	75	3911
75	204	75	75	0	0	0	0	3912
75	204	75	75	0	0	0	0	3913
75	204	75	204	0	0	0	0	3914
75	75	0	204	0	0	0	0	3915
75	75	0	204	0	0	0	0	3916
0	0	0	0	0	0	0	0	3917
0	0	0	0	0	0	0	0	3918
0	0	0	0	0	0	0	0	3919
0	0	0	0	0	0	0	0	3920
0	0	0	0	0	0	0	0	3921
0	0	0	0	0	0	0	0	3922
0	0	0	0	0	75	75	75	3923
0	0	0	0	0	75	75	75	3924
0	0	0	0	0	0	0	0	3925
0	0	0	0	0	0	0	75	3926
0	0	0	0	0	0	0	75	3927
0	0	0	0	0	75	0	75	3928
0	0	0	0	0	0	0	0	3929
0	0	0	0	0	0	0	0	3930
0	0	0	0	0	0	0	0	3931
0	0	0	0	0	0	0	0	3932
0	0	0	0	0	0	0	0	3933
0	0	0	0	0	0	0	0	3934
0	0	0	0	0	0	0	0	3935
0	0	0	0	0	0	0	0	3936
0	0	0	0	0	0	0	0	3937
0	0	0	0	0	0	0	0	3938
0	0	0	0	0	0	0	0	3939
0	0	0	0	0	0	0	0	3940
0	0	0	0	0	0	0	0	3941
0	0	0	0	0	0	0	0	3942
0	0	0	0	0	0	0	0	3943
0	0	0	0	0	0	0	0	3944
204	204	204	204	0	0	0	0	3945
204	204	204	204	0	0	0	204	3946
0	0	0	0	0	0	0	0	3947
0	0	0	0	0	0	0	0	3948
0	0	0	0	0	0	0	0	3949
0	0	0	0	0	0	0	0	3950
0	0	0	0	0	0	0	0	3951
0	0	0	0	0	0	0	0	3952
0	75	204	0	0	0	0	0	3953
0	75	204	0	0	0	0	75	3954
0	204	204	204	0	0	0	75	3955
0	0	204	204	0	0	0	0	3956
0	204	204	0	0	0	0	75	3957
0	204	204	0	0	0	0	75	3958
0	204	204	0	0	0	0	75	3959
0	0	0	0	0	0	0	0	3960
204	0	0	0	0	0	0	0	3961
0	0	0	75	0	0	0	0	3962
75	75	75	75	75	75	75	0	3963
0	204	204	0	0	0	204	204	3964
75	75	75	0	0	0	75	75	3965
75	75	75	0	0	0	75	75	3966
0	204	204	0	0	0	204	204	3967
75	75	75	204	0	0	75	75	3968
75	75	0	75	204	0	0	0	3969
75	75	0	75	0	0	0	0	3970
75	75	75	204	0	0	75	75	3971
75	75	75	0	0	0	75	75	3972
75	75	75	75	0	0	0	0	3973
0	0	0	0	0	0	0	0	3974
75	75	75	75	75	0	75	0	3975
75	75	75	75	0	0	75	75	3976
75	75	75	75	75	75	75	75	3977
75	75	75	75	0	0	75	75	3978
75	75	75	75	75	75	75	75	3979
204	0	0	0	0	0	0	0	3980
204	0	0	0	0	0	0	0	3981
204	0	0	204	0	0	0	0	3982
204	0	0	204	0	0	0	0	3983
204	0	0	0	0	0	0	0	3984
204	0	0	0	0	0	0	0	3985
0	0	0	0	0	0	0	75	3986
0	0	0	0	0	0	0	75	3987
204	0	0	204	0	0	0	0	3988
0	0	0	0	0	0	0	0	3989
0	0	0	0	0	0	0	0	3990
0	0	0	0	0	0	0	0	3991
0	0	0	0	0	0	0	0	3992
0	0	0	0	0	0	0	0	3993
0	0	0	0	0	0	0	75	3994
204	0	0	0	0	0	0	75	3995
0	0	0	0	0	0	0	0	3996
204	0	0	204	0	0	0	0	3997
0	0	0	0	0	0	0	0	3998
0	0	0	0	0	0	0	0	3999
0	0	0	0	0	0	0	0	4000
0	0	0	0	0	0	0	0	4001
0	0	0	0	0	0	0	0	4002
0	0	0	0	0	0	0	0	4003
0	0	0	0	0	0	0	0	4004
204	204	204	204	0	0	0	0	4005
204	204	204	204	0	0	0	0	4006
75	75	75	75	75	75	75	75	4007
75	75	75	75	75	75	75	75	4008
75	75	75	75	75	0	75	75	4009
75	75	75	75	75	75	75	75	4010
75	75	75	75	75	75	75	75	4011
75	75	75	75	75	0	75	75	4012
75	75	75	75	75	75	75	75	4013
75	75	75	75	75	75	75	75	4014
75	75	75	75	75	75	75	75	4015
75	75	75	75	0	0	75	75	4016
0	0	0	0	0	0	0	0	4017
75	0	0	0	0	0	0	75	4018
75	75	75	75	75	75	75	75	4019
75	75	75	75	75	75	75	75	4020
75	75	75	75	75	75	75	75	4021
0	75	75	75	75	75	75	75	4022
0	75	75	75	75	75	75	75	4023
75	75	75	75	75	75	75	75	4024
75	75	75	75	0	0	0	0	4025
75	75	75	75	75	75	75	75	4026
75	75	204	0	0	0	0	0	4027
0	0	0	0	0	0	0	0	4028
75	75	0	0	0	0	0	0	4029
75	75	0	0	0	0	0	0	4030
75	75	75	75	75	75	75	75	4031
75	75	75	75	75	75	75	75	4032
75	75	75	75	75	75	75	75	4033
75	75	75	75	75	75	75	75	4034
75	75	75	75	75	75	75	75	4035
75	75	75	75	75	0	75	75	4036
204	75	0	204	0	0	75	0	4037
204	0	0	0	0	0	0	0	4038
204	0	0	0	0	0	0	0	4039
0	0	0	0	0	0	0	0	4040
75	75	75	75	0	0	75	75	4041
75	75	75	75	75	75	75	75	4042
75	75	75	75	75	75	75	75	4043
204	75	75	0	0	0	0	0	4044
75	75	75	75	75	0	0	0	4045
75	75	204	204	0	75	0	0	4046
75	75	75	75	0	0	75	75	4047
75	75	75	75	75	75	75	75	4048
75	75	75	75	0	0	0	75	4049
204	0	0	204	0	0	0	0	4050
204	204	204	204	75	0	0	0	4051
75	75	75	75	75	75	75	0	4052
75	75	75	75	75	75	75	0	4053
204	0	0	0	0	0	0	0	4054
204	0	0	0	0	0	0	0	4055
75	75	75	75	75	75	75	75	4056
75	75	75	75	0	0	0	0	4057
0	0	0	0	0	0	0	0	4058
0	0	0	0	0	0	0	0	4059
0	0	0	0	0	0	0	0	4060
0	0	0	0	0	0	0	0	4061
0	0	0	0	0	0	0	0	4062
0	0	0	75	0	0	0	0	4063
75	75	75	75	75	75	75	75	4064
75	75	75	75	75	75	75	75	4065
75	75	75	75	75	0	204	75	4066
75	75	75	0	75	0	75	75	4067
75	75	75	75	0	75	0	75	4068
75	75	0	0	0	0	0	0	4069
75	75	75	75	75	0	75	75	4070
0	0	0	0	0	0	0	0	4071
75	75	75	75	0	0	0	75	4072
75	75	75	75	0	75	0	75	4073
204	75	204	204	0	0	0	0	4074
75	0	204	0	0	0	0	0	4075
0	0	0	0	0	0	0	0	4076
75	75	0	0	0	0	0	0	4077
75	0	0	75	0	0	0	0	4078
0	0	0	0	0	0	0	0	4079
0	0	0	0	0	0	0	0	4080
75	204	204	204	0	0	0	0	4081
204	0	0	0	0	0	0	0	4082
75	0	0	0	0	0	0	0	4083
0	0	0	0	0	0	0	0	4084
0	0	0	0	0	0	0	0	4085
0	0	0	0	0	0	0	0	4086
0	0	0	0	0	0	0	0	4087
0	0	0	0	0	0	0	0	4088
0	0	0	0	0	0	0	0	4089
0	0	0	0	0	0	0	0	4090
0	0	0	0	0	0	0	0	4091
0	204	204	0	0	0	0	0	4092
75	75	75	0	0	0	0	0	4093
0	0	0	0	0	0	0	0	4094
0	0	0	0	0	0	0	0	4095
75	204	204	204	75	0	0	204	4096
75	75	75	75	75	0	75	75	4097
0	0	0	0	0	0	0	0	4098
0	0	0	0	0	0	0	0	4099
0	0	0	0	0	0	0	0	4100
0	0	0	0	0	0	0	0	4101
0	0	0	0	0	0	0	0	4102
0	0	0	0	0	0	0	0	4103
0	0	0	0	0	0	0	0	4104
0	0	0	0	0	0	0	0	4105
0	0	0	0	0	0	0	0	4106
0	0	0	0	0	0	0	0	4107
0	0	0	0	0	0	0	0	4108
0	0	0	0	0	0	0	0	4109
0	0	0	0	0	0	0	0	4110
0	0	0	0	0	0	0	0	4111
75	75	75	75	75	75	75	75	4112
75	75	75	75	75	75	75	75	4113
75	75	75	75	0	0	0	75	4114
75	0	0	75	0	0	75	75	4115
0	0	0	0	0	0	0	0	4116
0	0	0	75	0	0	0	75	4117
75	75	75	75	75	75	75	75	4118
75	204	204	204	0	0	0	204	4119
0	0	0	0	0	0	0	0	4120
0	0	0	0	0	0	0	0	4121
0	0	0	0	0	0	0	0	4122
0	0	0	0	0	0	0	0	4123
0	0	0	0	0	0	0	0	4124
0	0	0	0	0	0	0	0	4125
0	0	0	0	0	0	0	0	4126
0	0	0	0	0	0	0	0	4127
0	0	0	0	0	0	0	0	4128
0	0	0	0	0	0	0	0	4129
0	0	0	0	0	0	0	0	4130
0	0	0	0	0	0	0	0	4131
0	0	0	0	0	0	0	0	4132
204	204	204	0	0	0	75	0	4133
204	0	204	0	0	0	0	0	4134
